consent,id,language,bzsg1,bzsg2,bzsg3,srd1,srd2,srd3_rc,srd4_rc,ii1_rc,ii2,ee1,ee2,ee3,ee4,ee5,ee6,ee7,ee8,ee9,ee10,theft1,theft2,theft3,bjw_nature,bjw_god,bjw_nr,bjw_deserve,bjw_chance,police1,courts1,police2,courts2,gini_baymul,children,age_c1,age_c2,age_c3,age_c4,age_c5,age_c6,health_c1,health_c2,health_c3,health_c4,health_c5,health_c6,botcheck,edu,age,gender,income,currency,household_size,random_numbers
Suivant, COPIÃ‰A2LLHDFP28NR8D,French,4,4,4,4,4,3,4,4,4,3,1,1,2,2,1,1,1,2,1,4,4,4,4,1,4,1,2,2,1,2,2,A,1,2,,,,,,5,,,,,,None,Less than 5 years,34,Man,25000,Euros,2,334511653
Suivant,Je ne sais pas,French,5,5,4,5,5,3,2,5,1,2,3,3,3,3,3,3,3,3,3,2,4,2,4,2,1,4,1,4,4,3,3,D,1,2,,,,,,4,,,,,,Jardinage,More than 16 years,32,Man,34000,Euros,2,45321
Suivant,A1OO5ALQ5PIX3U,French,4,3,3,2,3,4,4,3,2,2,1,1,1,1,1,1,1,1,1,4,4,3,1,1,3,3,3,3,3,3,3,C,,,,,,,,,,,,,,None,Less than 5 years,45,Woman,30000,Euros,2,2212
Suivant,AICE96VBFY7BP,French,4,2,2,3,3,3,2,1,4,1,1,1,1,1,1,1,1,1,1,4,4,2,1,1,3,2,3,4,5,3,5,D,,,,,,,,,,,,,,None,12 to 14 years,18,Man,0,Euros,1,112
Suivant,A1E1X77Y9PYX38,French,3,3,3,2,2,4,4,2,4,2,2,2,2,2,2,2,2,2,2,2,4,2,2,4,2,2,4,4,4,4,4,C,,,,,,,,,,,,,,None,More than 16 years,26,Man,20000,Euros,1,10123123
Suivant,A343SXY3H5P667,French,4,2,2,1,1,5,5,3,1,1,1,1,3,3,1,1,1,1,1,5,1,1,1,3,4,2,1,4,4,4,5,C,1,3,,,,,,5,,,,,,None,9 to 12 years,20,Man,200,Euros,1,0
Suivant,A3R5LZFCNTY9I9,French,5,4,3,3,2,4,4,4,3,2,2,2,1,1,1,1,1,1,1,4,4,2,2,4,3,3,3,4,4,4,4,C,1,0,,,,,,1,,,,,,None,5 to 8 years,28,Man,28000,Euros,1,28263003
Suivant,A2J6VW17T4MSMQ,French,2,3,2,1,1,2,4,2,4,4,2,,4,2,2,2,2,2,1,1,4,2,2,2,4,4,2,5,5,5,5,D,1,3,,,,,,4,,,,,,None,5 to 8 years,23,Man,38000,Euros,3,235689
Suivant,A1XJ6K9KL068PX,French,2,2,2,4,4,5,4,1,4,4,4,1,5,5,1,1,1,1,4,4,4,4,1,5,3,1,1,4,4,2,2,C,,,,,,,,,,,,,,,14 to 16 years,24,Man,8400,Euros,1,5710181
Suivant,A2DVL3LXIVV98K,French,2,2,2,4,4,2,4,4,2,4,4,4,4,4,4,4,4,4,4,5,4,5,5,5,5,5,5,4,4,4,4,B,1,1,,,,,,1,,,,,,None,Less than 5 years,19,Man,15000,Euros,2,123456789
Suivant,A1X3S77785SQH0,French,3,3,3,2,2,3,4,3,4,1,1,1,1,1,1,1,1,1,1,4,4,2,1,1,4,4,2,3,3,2,3,C,1,5,,,,,,3,,,,,,None,12 to 14 years,36,Woman,40000,Euros,1,12345
Suivant,AGCFAA1BF8TW3,French,3,4,4,3,4,3,3,3,3,1,1,1,1,1,1,1,1,1,1,1,4,4,3,1,4,3,3,4,4,4,4,B,1,6,,,,,,4,,,,,,None,More than 16 years,35,Woman,0,Euros,3,12345
,A1XA6XRYKU68U4,French,4,3,3,2,2,4,4,2,4,1,1,1,1,1,1,1,1,1,1,2,4,4,2,1,3,3,3,2,2,2,2,B,1,1,,,,,,4,,,,,,None,More than 16 years,44,Man,37000,Euros,2,1234
Suivant,A380L4IWURE00K,French,4,3,4,3,2,5,5,2,3,2,1,1,1,1,1,1,1,1,1,4,4,3,3,3,4,4,4,3,2,2,3,C,1,1,,,,,,4,,,,,,None,5 to 8 years,28,Man,28000,Euros,2,5654
Suivant,AQ66O3UMAR84P,French,3,2,2,3,3,4,4,5,3,1,1,1,1,1,1,1,1,1,1,1,1,2,1,1,3,2,3,4,4,3,3,E,,,,,,,,,,,,,,None,5 to 8 years,25,Woman,31150,Euros,1,9410
Suivant,A9GW6BZ3O0CQB,French,2,2,2,2,2,4,4,2,2,1,1,1,1,1,1,1,1,1,1,4,4,4,2,1,4,4,1,4,4,4,4,D,,,,,,,,,,,,,,None,Less than 5 years,55,Woman,25000,Euros,1,1234
Suivant,ANDYHT4IZC1SY,French,5,4,4,3,3,2,2,2,2,4,1,1,1,1,1,1,1,1,1,1,1,1,2,2,3,2,4,4,3,4,3,C,1,0,,,,,,0,,,,,,None,Less than 5 years,19,Man,15000,Euros,5,1.57E+19
Suivant,A3ND5FMYFLSM0,French,5,2,4,2,3,1,1,4,1,5,2,5,5,2,5,2,5,2,5,2,5,2,5,2,5,2,4,2,4,5,2,D,1,14,,,,,,5,,,,,,None,14 to 16 years,35,Man,35000,Euros,3,458962
Suivant, COPIEDA1TBJBM6VFNCXU,French,4,5,4,4,3,4,5,2,4,4,1,1,2,2,2,2,1,1,3,1,5,5,1,1,4,3,1,2,2,4,4,A,1,8,,,,,,4,,,,,,None,12 to 14 years,30,Man,25240,Euros,2,5678
Suivant,A3HR70GTJMABCI,French,3,3,4,4,3,4,4,4,2,3,4,3,2,2,2,2,2,2,2,2,2,4,4,2,4,4,4,4,4,2,2,C,,,,,,,,3,,,,,,None,More than 16 years,29,Man,15000,Euros,1,26101966
Suivant,A3IJILP55BWIOP,French,4,4,2,2,2,4,4,2,4,1,1,1,1,1,1,1,1,1,1,4,4,4,1,1,4,4,2,4,4,4,4,C,2,11,7,,,,,2,4,,,,,None,14 to 16 years,49,Man,30000,Euros,4,708
Suivant,A25GMRHDABD51X,French,2,2,2,3,1,5,3,4,4,2,1,1,1,1,1,1,1,1,1,1,5,4,2,2,4,5,3,4,2,3,4,C,,,,,,,,,,,,,,None,14 to 16 years,19,Man,0,Euros,1,21041900
Suivant,A3POEIGZ3BV0BN,French,3,2,2,1,2,5,3,3,4,3,3,4,2,2,2,2,2,2,2,4,4,2,2,2,2,2,3,3,3,2,3,B,1,0,,,,,,,,,,,,None,14 to 16 years,34,Other,20000,Euros,1,27269
Suivant,A28UOASDK07CKF,French,4,1,1,4,3,4,3,4,3,1,1,1,1,1,1,1,1,1,1,1,1,1,2,1,4,2,2,1,1,2,2,C,2,7,5,,,,,3,3,,,,,None,More than 16 years,31,Woman,19000,Euros,4,19283
Suivant,ARPHS3WHNHHT0,French,4,3,4,5,5,1,2,1,1,3,1,3,5,1,1,1,1,1,1,5,4,4,4,1,1,4,3,3,3,4,1,B,1,7,,,,,,5,,,,,,None,Less than 5 years,33,Man,5800,Euros,3,ARPHS3WHNHHT0
Suivant,AI07LS6RGQ8FI,French,2,2,1,1,3,4,4,3,2,1,1,1,1,1,1,1,1,1,1,1,4,2,1,1,4,4,2,4,2,2,1,C,,,,,,,,,,,,,,None,5 to 8 years,23,Man,35000,Euros,1,707
Suivant,AULISCSIU48C8,French,4,4,2,3,4,4,3,4,4,4,4,2,2,2,2,2,2,2,2,2,2,2,2,2,2,2,2,4,4,4,4,B,,,,,,,,,,,,,,None,More than 16 years,27,Man,25000,Euros,1,8634678
Suivant,A1KAIQ8DT6W3SE,French,2,2,2,2,2,4,4,2,2,4,1,1,1,1,1,1,1,1,1,2,2,2,3,4,3,3,3,3,3,3,3,D,1,1,,,,,,3,,,,,,None,More than 16 years,25,Man,25000,Euros,4,A1KAIQ8DT6W3SE
Suivant,A2Q0PQ51PSAH9,French,4,3,4,4,4,4,4,2,4,4,2,4,5,4,2,2,2,2,4,4,2,4,2,4,4,4,4,4,4,3,4,C,1,5,,,,,,3,,,,,,,More than 16 years,35,Man,2000,Euros,3,A2Q0PQ51PSAH9
Suivant,A2L2OYWHXMYGCJ,French,5,1,4,1,1,3,5,4,4,1,1,1,1,1,1,1,1,1,1,1,1,3,1,4,4,1,1,4,4,4,2,D,,,,,,,,,,,,,,None,5 to 8 years,27,Man,800,Euros,1,28467
Suivant,A37VA05X6W8D5Z,French,5,3,4,2,2,4,4,1,4,2,2,1,2,2,1,1,2,2,1,2,5,3,2,2,2,3,3,4,4,2,2,C,2,8,17,,,,,4,4,,,,,None,More than 16 years,50,Man,50000,Euros,2,0
Suivant,A12H0BY6L0C956,French,3,2,2,2,2,4,4,4,4,1,1,1,1,1,1,1,1,1,1,3,4,4,1,1,1,5,3,3,3,3,3,D,1,0,,,,,,3,,,,,,None,12 to 14 years,37,Woman,40000,Euros,1,59842369
Suivant,AWJPUVOHCMY0A,French,4,5,4,1,2,3,4,4,5,4,2,1,1,1,1,1,1,1,1,1,4,3,3,1,2,4,2,5,2,5,2,C,,,,,,,,,,,,,,None,12 to 14 years,43,Woman,31000,Euros,2,123
,,French,3,2,2,2,2,2,1,3,4,2,2,2,2,2,1,1,2,1,2,1,2,2,3,3,4,3,4,3,3,4,3,E,1,3,,,,,,4,,,,,,Chant,Less than 5 years,29,Man,19000,Euros,3,A2SCIQIZBP3XXA
Suivant,A3K6NK5HHV4VGV,French,3,4,4,4,4,4,3,2,4,4,3,2,4,4,4,2,2,2,2,2,2,4,4,4,4,4,4,3,3,3,3,B,1,2,,,,,,2,,,,,,None,Less than 5 years,28,Man,750,Euros,3,20517676
Suivant,A1FF0PEBKEFBP1,French,4,4,4,4,1,3,1,1,4,2,4,4,4,4,4,1,1,4,4,5,2,3,3,3,2,2,2,2,1,4,4,A,1,3,,,,,,3,,,,,,,Less than 5 years,25,Man,2500,Euros,1,A1FF0PEBKEFBP1
Suivant,A39L3BFKH8Q9WN,French,5,4,3,3,4,3,3,3,3,4,4,3,3,4,4,3,4,3,2,2,3,3,3,3,3,4,3,4,4,3,3,B,1,4,,,,,,4,,,,,,None,5 to 8 years,26,Woman,35000,Euros,3,2810
Suivant,AKMZI2RUWXXFL,French,3,3,3,3,3,3,3,3,3,2,1,1,1,1,1,1,1,1,1,3,3,3,3,1,1,1,1,3,3,3,3,C,1,4,,,,,,3,,,,,,None,More than 16 years,34,Man,N/A,Euros,3,123456
Suivant,A24Z6LKHYZV3JD,French,5,5,5,2,3,5,5,3,5,2,1,3,2,1,1,1,1,1,1,4,4,3,2,2,2,5,4,3,3,2,2,D,1,2,,,,,,4,,,,,,None,14 to 16 years,22,Man,30000,Euros,2,140597
Suivant,A2R4HWGMQHM5FB,French,3,2,3,2,2,4,4,2,4,3,2,2,3,1,2,2,2,2,1,4,4,3,4,2,4,4,3,3,2,2,3,A,2,12,5,,,,,4,4,,,,,None,12 to 14 years,33,Man,40000,Euros,4,123456789
Suivant,ACDAZGA6A8P32,French,4,2,2,4,4,4,2,2,4,1,1,1,1,1,1,1,1,1,1,4,2,2,1,1,2,1,4,4,2,4,4,C,,,,,,,,,,,,,,None,14 to 16 years,22,Man,8000,Euros,1,2051997
Suivant,A3QOM3KRLWRDF7,French,4,5,4,2,3,3,4,2,4,4,1,2,4,2,2,1,2,1,1,4,4,2,3,4,4,2,1,2,2,2,2,C,,,,,,,,,,,,,,None,Less than 5 years,21,Man,12000,Euros,1,3733
Suivant,A2X3VHVPLWCTU1,French,4,4,4,3,3,3,3,5,2,4,2,4,2,2,2,2,2,2,1,4,4,4,3,3,4,3,2,3,3,3,3,B,,2,,,,,,,,,,,,None,14 to 16 years,19,Man,30000,Euros,1,1234
Suivant,AIGVB2146SF6U,French,4,3,2,2,2,3,4,2,4,3,2,2,2,2,2,2,2,2,2,2,4,2,2,2,5,3,2,2,3,2,3,A,,,,,,,,,,,,,,None,Less than 5 years,31,Man,25000,Euros,1,1289467
Suivant,A39HGEOLDHSEQE,French,1,1,1,2,2,4,4,2,4,1,1,1,1,1,1,1,1,1,1,2,4,4,1,1,3,3,4,4,4,3,3,C,2,10,9,,,,,3,3,,,,,None,12 to 14 years,43,Woman,40000,Euros,4,12321
Suivant,A2NWS6QZFLBLIQ,French,1,5,5,2,4,4,5,2,4,4,4,2,3,4,3,3,3,3,2,4,5,5,2,2,4,3,2,2,3,2,2,C,1,2,,,,,,3,,,,,,None,More than 16 years,24,Woman,20000,Euros,1,638423793
Suivant,A1LEBDZA5GAQ78,French,4,2,2,5,5,4,4,4,4,4,2,3,5,4,4,1,4,1,2,1,2,5,3,2,4,4,3,2,5,2,2,A,1,13,,,,,,5,,,,,,,Less than 5 years,19,Man,1000,Euros,2,13486
Suivant,A9TR2ZU6E1Y6Q,French,4,4,4,4,5,3,2,4,2,4,4,4,4,4,4,4,2,2,2,4,2,2,5,2,3,2,1,,3,4,4,B,1,6,,,,,,3,,,,,,None,Less than 5 years,33,Woman,44000,Euros,3,23102310
Suivant,A32XKPGCDBG6GC,French,4,2,2,2,1,4,5,3,2,1,1,1,1,1,1,1,1,1,1,1,3,1,1,1,4,3,2,5,5,5,4,C,1,1,,,,,,3,,,,,,None,5 to 8 years,31,Man,40000,Euros,1,123456789
Suivant,A3IBVMZ2AY6Z0H,French,3,2,,2,4,4,3,1,5,1,1,1,1,1,1,1,1,1,1,4,4,2,1,1,3,2,3,3,3,3,3,C,1,1,,,,,,3,,,,,,None,14 to 16 years,48,Man,80000,Euros,3,342156
Suivant,A3FDR89022QHI,French,4,3,2,3,3,4,4,3,3,3,3,3,3,3,3,3,3,3,3,4,4,3,4,3,4,3,2,2,3,3,3,C,1,0,,,,,,,,,,,,None,12 to 14 years,62,Man,12000,Euros,1,140789
Suivant,A1CP3NI7C2KAHE,French,5,5,5,3,3,3,3,2,3,3,3,3,3,3,3,3,3,3,3,3,3,3,3,3,3,3,3,3,3,3,3,A,1,2,,,,,,5,,,,,,None,Less than 5 years,35,Woman,15000,Euros,2,12345
Suivant,A2VXPJCWVA1AUC,French,4,4,4,3,2,4,4,2,2,3,2,2,2,2,2,2,2,2,2,4,2,2,4,3,4,4,3,4,2,3,2,A,1,7,,,,,,3,,,,,,None,9 to 12 years,56,Man,20000,Euros,3,9111888
Suivant,ANDIL3I9WBZ0P,French,2,2,1,2,2,5,5,3,2,1,1,1,1,1,1,1,1,1,1,2,4,4,1,1,4,4,2,4,4,4,4,D,,,,,,,,,,,,,,None,More than 16 years,22,Man,70000,Euros,4,1990
Suivant,A3DD1ER9OQNA1E,French,4,4,4,4,2,1,3,3,1,5,3,3,3,1,4,5,1,3,4,3,2,4,3,3,3,3,1,2,2,5,1,A,1,2,,,,,,0,,,,,,Peinture,12 to 14 years,22,Man,50000,Euros,2,A3DD1ER9OQNA1E
Suivant,ASRX0LB85X6N9,French,,1,2,2,1,1,4,4,2,1,1,4,2,4,1,1,1,1,4,4,2,1,4,4,2,2,1,4,2,4,4,B,2,4,2,,,,,3,3,,,,,Danse,Less than 5 years,22,Man,1000,Euros,4,2025
Suivant,A2QKEGU9HXDEI3,French,4,4,4,3,2,4,4,4,1,1,1,1,1,1,1,1,1,1,1,4,2,2,1,1,5,3,2,4,4,4,4,C,,,,,,,,,,,,,,None,More than 16 years,27,Man,70000,Euros,1,A2QKEGU9HXDEI3
Suivant,A39HGEOLDHSEQE,French,3,1,1,3,2,4,4,1,4,1,1,1,1,1,1,1,1,1,1,2,4,4,1,1,3,3,5,3,4,2,3,C,2,10,9,,,,,3,3,,,,,None,More than 16 years,43,Woman,36000,Euros,4,2002
Suivant,A3C53WUX7WNGF0,French,4,3,3,2,3,4,4,3,4,4,2,2,4,2,2,2,2,2,1,2,4,3,3,3,4,2,3,3,3,3,4,D,1,4,,,,,,4,,,,,,None,5 to 8 years,26,Woman,2000,Euros,1,123456
,AEUCFHG3F12W3,French,5,4,4,1,4,5,5,5,1,1,4,1,1,1,1,1,1,1,1,1,4,1,4,1,4,2,2,1,1,1,1,A,1,2,,,,,,3,,,,,,None,Less than 5 years,23,Man,20000,Euros,2,123
Suivant,A3OK73AOMJOZKI,French,3,2,2,1,4,4,4,2,5,2,4,1,2,1,1,1,1,1,1,4,4,2,4,3,4,5,3,1,2,1,3,C,1,22,,,,,,4,,,,,,None,12 to 14 years,47,Woman,2500,Euros,2,5121997
Suivant,AMJVFUW0RDR37,French,4,3,4,2,2,4,4,2,4,1,1,1,1,1,1,1,1,1,1,4,4,4,2,2,4,4,4,4,4,4,4,D,2,5,2,,,,,4,3,,,,,None,5 to 8 years,30,Woman,60000,Euros,3,12344321
Suivant,A392FWHZJVORCX,French,2,1,2,1,1,5,4,1,5,4,2,1,5,4,1,2,2,4,3,4,4,2,4,5,4,3,2,4,2,3,3,B,1,1,,,,,,3,,,,,,None,5 to 8 years,29,Woman,39000,Euros,1,8261990
Suivant,A157LV5C7C5B1U,French,2,1,1,3,2,3,4,2,5,1,1,1,1,1,1,1,1,1,1,1,4,5,1,1,5,2,1,2,2,3,4,D,1,3,,,,,,4,,,,,,None,5 to 8 years,34,Man,25000,Euros,1,1234
Suivant,A2CBWSKSVSYWXD,French,5,5,5,4,5,1,1,1,4,3,3,1,1,1,1,1,4,4,1,4,4,4,1,1,4,1,1,2,1,1,4,B,1,15,,,,,,3,,,,,,None,Less than 5 years,25,Man,12000,Euros,3,1205
Suivant,AXXLAFX30YT2S,French,4,2,2,2,3,4,4,2,4,4,2,2,2,2,2,2,2,2,2,4,4,4,4,1,4,4,4,4,4,3,4,B,3,23,27,29,,,,2,3,3,,,,None,5 to 8 years,66,Man,55000,Euros,3,128914
Suivant,Dibutent,French,2,3,4,4,3,3,4,3,5,4,4,2,2,2,3,4,2,3,1,4,1,4,4,3,3,3,4,5,5,5,5,C,1,2,,,,,,3,,,,,,None,More than 16 years,34,Man,16000,Euros,2,1985
Suivant,COPIEDA1SOVR5O0NA7U0,French,3,4,4,2,2,4,4,2,2,2,2,2,2,2,2,2,2,2,2,2,4,2,4,2,2,4,2,4,4,4,4,B,1,1,,,,,,4,,,,,,None,Less than 5 years,23,Man,1200,Euros,1,2002
Suivant,AV4NXBUDRU0R0,French,4,4,4,2,4,2,2,2,5,1,1,2,4,2,2,2,1,1,1,4,4,4,2,2,4,2,4,4,2,4,2,D,,,,,,,,5,,,,,,None,5 to 8 years,28,Woman,19000,Euros,1,98765
Suivant,AX986BHAJH3IF,French,4,2,2,4,4,3,3,2,4,2,1,1,1,1,1,1,1,1,1,4,4,2,2,3,4,3,3,2,2,3,3,D,1,1,,,,,,3,,,,,,None,14 to 16 years,26,Man,37000,Euros,3,6577808
Suivant,A12FCGPUABAYZY,French,2,1,2,1,2,4,3,1,5,1,1,1,1,1,1,1,1,1,1,4,4,3,2,1,4,3,2,4,4,3,3,C,1,2,,,,,,5,,,,,,None,More than 16 years,26,Man,1700,Euros,2,1234
Suivant,ABWAIGVXO640L,French,5,1,2,4,2,3,5,1,2,1,1,1,1,1,1,1,1,1,1,5,5,3,1,1,1,2,3,3,3,2,2,C,1,1,,,,,,3,,,,,,None,14 to 16 years,31,Man,30000,Euros,3,987632
Suivant,A1ZS4N4MNSGGF5,French,3,1,1,1,2,4,4,4,4,4,4,4,4,4,4,4,2,2,4,4,4,2,4,4,4,2,1,4,4,4,4,C,1,4,,,,,,4,,,,,,None,Less than 5 years,23,Man,15000,Euros,2,7642
Suivant,A3KBMDWIPYCEK4,French,2,2,1,4,1,4,1,4,1,4,2,1,5,2,1,4,2,3,4,2,4,1,4,1,5,2,1,4,2,5,4,B,2,12,3,,,,,1,1,,,,,None,5 to 8 years,27,Man,2000,Euros,2,A3KBMDWIPYCEK4
Suivant,A1BS1WNI7A7Y89,French,5,4,2,2,2,4,4,2,3,1,1,1,1,1,1,1,1,1,1,4,4,3,1,1,3,1,5,3,4,2,4,C,1,2,,,,,,3,,,,,,None,14 to 16 years,32,Man,60000,Euros,3,112
Suivant,AAPPQ8AZVNHUK,French,5,4,4,3,5,3,4,2,4,2,4,4,5,3,4,2,5,2,2,3,5,3,4,2,4,2,5,3,5,3,4,B,1,3,,,,,,4,,,,,,,12 to 14 years,23,Man,14500,Euros,3,AAPPQ8AZVNHUK
Suivant,AJV574T069WZ4,French,4,3,2,2,2,3,3,2,4,1,1,1,1,1,1,1,1,1,1,4,4,3,2,2,4,4,3,3,3,3,2,D,1,9,,,,,,4,,,,,,None,5 to 8 years,43,Man,30000,Euros,1.5,248
Suivant,A1W5BM3U6NEIO8,French,3,4,4,2,1,2,4,4,4,1,1,1,2,2,1,1,1,1,1,4,5,4,2,2,4,2,2,3,2,3,2,C,2,13,11,,,,,4,4,,,,,None,14 to 16 years,45,Man,80000,Euros,4,1664
Suivant,A3D8QY60TD1WWT,French,1,2,4,2,3,1,5,2,5,1,1,5,2,5,4,3,3,1,5,2,4,4,2,4,3,5,3,2,4,2,1,D,1,2,,,,,,5,,,,,,Jardinage,Less than 5 years,26,Woman,60000,Euros,2,6567899654
Suivant,,French,2,3,2,2,4,4,2,5,4,1,1,5,1,1,1,1,1,1,1,4,4,3,2,2,4,4,2,3,3,3,3,B,1,,,,,,,,,,,,,None,14 to 16 years,,Man,,Euros,1,
Suivant,A3CFWV7KTYTKM6,French,4,3,4,4,2,4,3,4,4,1,1,1,1,1,1,1,1,1,1,3,4,4,4,2,3,3,2,4,4,3,3,C,1,6,,,,,,3,,,,,,None,Less than 5 years,39,Man,28000,Euros,2,8004
Suivant,A3LUD5JYEYPS1P,French,3,2,2,2,2,4,4,3,3,4,2,2,2,2,2,2,2,2,2,2,4,4,2,2,4,4,2,3,2,3,2,C,1,0,,,,,,4,,,,,,None,More than 16 years,39,Man,45000,Euros,1,259400
Suivant,A3FWO3NYW0CXJ9,French,3,4,3,2,4,4,3,1,4,1,1,1,1,1,1,1,1,1,1,5,5,2,1,1,3,1,3,2,2,1,3,C,1,0,,,,,,3,,,,,,None,5 to 8 years,31,Man,6600,Euros,1,12121988
Suivant,A3N6GSFW6FL3AT,French,2,5,2,3,4,4,4,2,4,1,1,1,1,1,1,1,1,1,1,5,5,5,1,1,3,5,2,3,4,1,1,B,1,2,,,,,,4,,,,,,None,5 to 8 years,24,Woman,30000,Euros,1,A3N6GSFW6FL3AT
Suivant,A2ULEBJCEBGNLF,French,4,4,4,4,4,4,4,2,4,3,2,2,1,1,1,1,1,1,1,1,4,4,2,1,4,5,4,3,2,3,3,B,1,6,,,,,,3,,,,,,None,Less than 5 years,31,Woman,12000,Euros,2,5569852
Suivant,A2UIW6DQS94TBT,French,3,2,4,5,5,2,1,3,1,2,4,2,2,2,2,2,2,2,2,4,4,3,2,4,2,2,5,5,2,4,5,D,1,2,,,,,,2,,,,,,,12 to 14 years,25,Man,1200,Euros,1,2305
Suivant,A34VY05D0C3S3D,French,2,2,2,1,2,3,4,4,2,4,2,2,2,2,2,2,2,2,2,4,4,2,4,2,4,2,4,4,3,4,3,D,,,,,,,,,,,,,,None,9 to 12 years,21,Woman,0,Euros,1,1998
Suivant,A11P879QBTB43H,French,5,4,5,5,5,3,2,1,4,4,2,2,2,3,2,2,1,1,1,5,5,3,4,4,2,1,2,3,3,2,2,A,,0,0,0,0,0,0,,,,,,,None,12 to 14 years,19,Man,8000,Euros,1,199292
Suivant,A2LFPXE8WLE38Y,French,4,2,2,2,2,4,4,4,2,4,1,1,2,2,2,1,1,1,1,4,4,2,2,1,2,2,1,2,3,4,4,B,1,2,,,,,,5,,,,,,None,Less than 5 years,25,Man,1200,Euros,1,1234
Suivant,A2IZCDJYJMFIBH,French,5,5,5,2,5,1,4,4,5,1,1,3,4,1,4,1,1,1,1,5,1,3,4,1,3,3,1,3,1,3,1,D,1,2,,,,,,1,,,,,,None,Less than 5 years,29,Woman,2300,Euros,2,A2IZCDJYJMFIBH
Suivant,A2378Y9PXFY342,French,4,4,3,3,3,3,4,3,2,2,1,1,1,1,2,1,1,1,1,4,4,3,3,3,3,4,3,3,3,3,4,C,1,4,,,,,,5,,,,,,None,5 to 8 years,41,Man,5000,Euros,1,13579
Suivant,A1RC3HR2WY4T7Z,French,5,4,4,1,1,4,4,4,5,4,1,2,2,2,2,2,2,2,4,4,5,4,4,4,5,4,3,2,3,5,4,B,1,13,,,,,,3,,,,,,None,More than 16 years,29,Man,,Euros,3,A1RC3HR2WY4T7Z
Suivant,ADWG9IU6ZM8MR,French,3,3,5,3,1,5,5,4,4,3,3,1,4,3,3,3,1,1,1,4,4,3,3,3,5,3,2,5,1,1,1,D,1,11,,,,,,5,,,,,,None,5 to 8 years,35,Man,57000,Euros,3,ADWG9IU6ZM8MR
Suivant,A2Z2LVFQZLZERD,French,4,2,1,1,1,5,4,1,2,1,1,1,1,1,1,1,1,1,1,5,5,2,1,1,1,1,1,3,3,2,3,C,,,,,,,,,,,,,,,More than 16 years,27,Man,2000,Euros,1,14051992
Suivant,A3Q2DS79I7V4BN,French,5,3,2,4,4,2,2,1,5,4,2,2,4,2,4,4,3,5,4,5,4,4,3,5,5,4,1,3,3,3,3,A,5,2,4,5,8,10,11,2,2,5,4,3,2,None,Less than 5 years,42,Man,20000,Euros,7,250478
Suivant,A1N2JJLC4IZI9X,French,4,4,4,1,1,5,5,3,4,4,2,2,4,2,4,4,2,1,2,4,4,2,2,4,4,2,2,2,2,2,4,C,2,1,2,,,,,5,4,,,,,None,12 to 14 years,23,Man,30000,Euros,4,12345123
Suivant,A325D71H6IRIQR,French,5,2,2,2,4,4,4,1,4,3,2,1,2,1,2,1,1,1,1,2,4,4,5,5,4,4,1,4,4,4,3,C,1,2,,,,,,5,,,,,,None,More than 16 years,26,Man,17880,Euros,2,23071994
Suivant,A3I3GWIW5B4EH8,French,4,2,2,2,1,4,5,2,4,1,1,1,1,1,1,1,1,1,1,4,4,4,1,1,4,4,2,3,3,2,2,D,1,10,,,,,,4,,,,,,None,14 to 16 years,29,Man,48000,Euros,2,19521955
Suivant,ASC1MDAFI8N6W,French,4,3,5,3,3,3,3,3,3,3,3,3,3,3,3,3,3,3,3,1,3,3,3,3,3,3,3,3,3,3,3,B,1,15,,,,,,5,,,,,,,5 to 8 years,36,Woman,2300,Euros,4,8.46E+41
Suivant,AUDEOQCEM3TBT,French,4,2,2,1,1,4,4,2,3,2,2,2,2,2,2,2,1,1,1,4,4,2,1,1,3,3,2,2,2,4,4,C,1,6,,,,,,3,,,,,,None,5 to 8 years,29,Woman,43000,Euros,1,123456
Suivant,AOWRKU7HQGN1S,French,3,3,3,2,1,4,4,2,4,1,1,1,1,1,1,1,1,1,1,5,5,4,1,1,4,3,2,4,3,3,3,C,1,0,,,,,,5,,,,,,None,More than 16 years,30,Man,18000,Euros,1,156898
Suivant,A1Q42Z8I5F8934,French,4,4,2,4,2,2,4,3,1,1,4,3,2,4,2,4,2,1,4,2,4,1,4,1,4,2,4,2,5,2,5,B,2,30,28,26,23,19,16,10,8,9,7,5,9,Jardinage,More than 16 years,53,Man,1700,Euros,4,0.75
Suivant, COPIEDAI1YUFM8QKJ2,French,4,4,4,4,5,5,3,4,5,5,2,1,1,1,1,1,1,1,1,2,2,2,5,1,4,3,4,3,3,2,2,D,1,0,,,,,,5,,,,,,None,5 to 8 years,25,Man,33000,Euros,1,335577
Suivant,A10W6DXWOGL321,French,4,2,4,3,3,4,4,2,3,2,1,1,1,1,1,1,1,1,1,2,4,3,2,1,4,3,3,3,3,4,4,C,,,,,,,,,,,,,,None,More than 16 years,25,Man,18000,Euros,1,78451
Suivant,AWK0D7FVMZ3F8,French,3,2,2,2,1,4,4,3,2,1,1,1,1,1,1,1,1,1,1,4,4,3,2,1,4,3,3,4,4,4,3,D,1,14,,,,,,4,,,,,,None,More than 16 years,54,Woman,45000,Euros,3,321
Suivant,A36J6E4IHBEJ28,French,4,4,4,4,3,2,3,3,2,3,2,2,2,2,2,2,2,2,2,2,4,4,2,2,4,2,2,4,4,4,4,C,,,,,,,,,,,,,,None,Less than 5 years,21,Man,0,Euros,1,159753
Suivant,ANHLEDC96OSU4,French,2,3,2,1,3,3,4,2,4,3,2,1,1,1,1,1,1,1,1,2,3,3,3,3,4,5,2,2,2,3,2,C,,0,,,,,,,,,,,,None,9 to 12 years,28,Man,20000,Euros,2,1991
Suivant,A2C2PDYNVARBIK,French,2,2,2,3,5,4,4,2,4,1,1,1,1,1,1,1,1,1,1,4,4,2,1,1,2,2,3,3,4,4,4,C,,,,,,,,,,,,,,None,9 to 12 years,29,Woman,800,Euros,1,465748
Suivant,A15JDR5CU6F1EY,French,3,2,3,2,2,4,4,3,3,3,2,2,2,2,2,2,2,1,1,4,4,2,4,4,4,5,3,3,3,3,3,B,1,2,,,,,,5,,,,,,None,Less than 5 years,25,Woman,0,Euros,0,1705
Suivant,A2N76PAT0G6PA,French,4,4,3,3,2,4,4,3,4,1,1,1,1,1,1,1,1,1,1,1,4,1,2,1,5,2,2,5,3,3,3,B,,,,,,,,,,,,,,None,5 to 8 years,24,Man,40000,Euros,3,1234
Suivant,A2GT2FB0E0FN38,French,2,2,4,3,3,4,3,1,5,4,2,2,2,1,1,1,1,1,1,2,5,5,2,1,4,5,2,4,5,4,4,D,1,3,,,,,,5,,,,,,None,14 to 16 years,28,Man,39000,Euros,2,1234
Suivant,A8QJZII95OM7T,French,4,4,4,3,3,3,3,4,4,2,1,1,1,1,1,1,1,1,1,4,4,4,4,4,4,4,4,4,4,4,4,B,2,2,8,,,,,3,3,,,,,None,12 to 14 years,33,Man,25000,Euros,4,401832
Suivant,AX6E5XH51W6KD,French,3,1,1,1,2,3,3,2,4,4,2,1,1,2,2,2,3,3,2,2,4,3,2,5,2,5,1,4,4,4,4,D,1,12,,,,,,5,,,,,,Danse,14 to 16 years,38,Woman,12000,Euros,3,654321
Suivant,A2KPHQE3BMWUZ5,French,5,1,2,1,3,4,4,3,4,5,4,1,1,1,1,1,1,1,3,4,4,4,4,3,3,5,2,3,3,3,3,D,1,8,,,,,,5,,,,,,None,Less than 5 years,31,Man,30000,Euros,3,15869
Suivant,A1OO5ALQ5PIX3U,French,4,3,3,3,3,3,4,2,4,3,2,1,1,1,1,1,1,1,1,2,2,3,2,2,3,4,2,3,3,3,2,D,3,14,10,7,,,,3,3,3,,,,None,Less than 5 years,45,Woman,40000,Euros,5,3225
Suivant,A26T3R4QM4EMLY,French,4,2,2,3,1,4,4,2,2,3,1,1,2,1,1,1,1,1,1,2,4,4,4,2,4,2,4,4,3,3,3,D,,,,,,,,,,,,,,None,5 to 8 years,29,Woman,,Euros,1,12344321
Suivant,A32WEN4ADMWYCE,French,3,3,2,2,2,2,4,4,4,4,2,2,2,2,2,2,2,2,2,2,4,4,2,2,4,2,2,2,2,2,2,A,3,4,3,1,,,,2,2,2,,,,None,Less than 5 years,30,Man,17000,Euros,1,107
Suivant,A1OZW7X0CE4KH5,French,3,4,4,5,4,2,4,2,5,4,5,2,2,3,4,2,1,2,1,2,5,2,3,4,4,5,2,4,4,3,4,D,2,,,,,,,5,5,,,,,None,12 to 14 years,33,Woman,14500,Euros,2,
Suivant,AVATU1HFrenchZM5C,French,5,5,4,4,4,3,3,4,5,5,3,1,5,5,4,5,5,5,5,5,5,2,3,3,5,4,1,1,2,2,2,A,1,1,,,,,,3,,,,,,None,5 to 8 years,25,Woman,21000,Euros,3,2306
Suivant,A3JOVLACIK6G09,French,5,5,5,2,2,5,5,4,3,4,3,2,4,3,4,3,2,2,2,2,2,2,5,3,4,4,2,3,2,3,2,A,2,21,20,,,,,4,5,,,,,None,14 to 16 years,49,Man,35000,Euros,2,589123
Suivant,ABZ401K9KO42Z,French,3,1,1,1,2,4,5,4,2,3,4,2,4,3,2,2,2,2,2,1,1,1,1,1,4,1,3,4,4,4,4,D,,,,,,,,,,,,,,None,Less than 5 years,19,Man,,Euros,1,78546
Suivant,AVZAUENNNFXNG,French,3,1,2,1,2,4,5,2,4,5,2,3,1,1,1,1,1,1,1,4,4,4,2,2,5,4,4,5,4,4,4,C,2,17,16,,,,,3,3,,,,,None,5 to 8 years,45,Man,110000,Euros,4,301385
Suivant,71372,French,3,4,2,3,2,2,5,2,4,2,4,1,1,1,1,1,1,1,1,4,3,2,1,1,3,3,3,3,3,4,4,D,2,17,15,,,,,3,3,,,,,None,5 to 8 years,59,Man,50000,Euros,1,1379
Suivant,A1V14VOSXR49YD,French,4,2,5,3,4,2,4,2,5,3,3,2,3,3,4,3,4,3,1,1,4,3,2,3,3,3,3,4,4,3,4,C,1,2,,,,,,3,,,,,,None,5 to 8 years,28,Woman,40000,Euros,3,1234
Suivant,ARWEVBKWCXB2J,French,5,5,4,3,1,4,4,2,4,1,1,1,1,1,1,1,1,1,1,4,4,4,1,1,4,4,2,2,3,3,2,C,1,5,,,,,,5,,,,,,None,5 to 8 years,30,Man,60000,Euros,1,112233
Suivant,A1D2RUG0XSWN8J,French,5,4,4,4,2,1,2,1,4,3,2,2,2,1,1,1,1,1,1,5,5,4,4,4,2,4,2,4,2,2,2,C,1,3,,,,,,5,,,,,,None,More than 16 years,24,Man,,Euros,1,282828
Suivant,AULVVZYKFDJPP,French,5,5,5,4,3,4,4,1,5,1,1,1,1,1,1,1,1,1,1,4,5,5,1,1,3,1,4,1,1,1,1,A,2,4,6,,,,,4,4,,,,,None,More than 16 years,40,Man,53000,Euros,4,17111979
Suivant,A2XG4MHR2QJ043,French,4,1,1,2,1,1,4,4,1,1,1,1,1,1,1,1,1,1,1,2,2,4,1,1,4,4,1,3,3,3,3,C,2,14,10,,,,,3,3,,,,,None,14 to 16 years,44,Man,90000,Euros,4,349039032
Suivant,A2BTTPDK8K2XYI,French,4,2,2,2,2,3,3,2,4,1,1,1,1,1,1,1,1,1,1,5,5,3,4,1,3,4,5,2,3,1,2,B,1,0,,,,,,0,,,,,,None,9 to 12 years,24,Man,2000,Euros,1,270414
Suivant,A1RAV6HRCULGJY,French,4,2,3,3,2,4,4,1,4,1,1,1,1,1,1,1,1,1,1,4,5,3,1,1,4,3,1,4,3,2,2,A,1,5,,,,,,5,,,,,,None,Less than 5 years,28,Man,40000,Euros,3,852963
Suivant,A17SFIVU4JBW8U,French,4,2,1,1,1,4,4,4,3,1,1,1,1,1,1,1,1,1,1,1,5,1,1,1,1,4,4,4,4,2,3,C,1,2,,,,,,4,,,,,,None,More than 16 years,22,Man,50000,Euros,3,200501
Suivant,A2RDKWP5GEEEHC,French,4,2,4,3,4,5,5,4,5,5,3,3,4,3,3,3,2,2,2,4,4,4,4,3,4,2,3,2,4,3,2,D,1,3,,,,,,4,,,,,,None,More than 16 years,20,Man,300,Euros,1,A2RDKWP5GEEEHC
Suivant,AM0AQKWYSLK7X,French,4,3,3,4,3,4,4,2,3,4,1,2,3,3,3,3,3,3,1,1,3,4,4,4,4,3,3,2,2,2,2,B,2,11,14,,,,,3,3,,,,,None,Less than 5 years,44,Woman,0,Euros,4,123456789
Suivant,AL2BMIILKARUN,French,3,2,2,2,2,4,4,2,4,1,1,1,1,1,1,1,1,1,1,4,4,3,1,1,4,3,2,4,4,4,4,D,2,13,14,,,,,3,3,,,,,None,5 to 8 years,43,Man,26700,Euros,4,750-19-256-778
Suivant,A1Y1I7B3SW8PON,French,4,4,2,2,4,4,4,2,4,5,2,2,5,4,2,2,2,2,2,2,4,4,4,5,4,3,1,4,3,3,4,D,1,5,,,,,,3,,,,,,None,5 to 8 years,26,Man,2500,Euros,3,123
Suivant,A1CYP69SCODD6,French,4,1,2,2,5,2,1,3,2,1,1,1,1,1,1,1,1,1,1,4,4,2,1,3,3,2,2,2,2,2,2,C,1,0,,,,,,0,,,,,,None,Less than 5 years,18,Man,5000,Euros,1,1147
Suivant,ARJ4ALXNRR867,French,4,2,2,1,1,5,5,2,4,3,2,5,4,3,2,2,2,2,2,1,4,2,2,1,4,2,2,4,3,4,3,C,,,,,,,,,,,,,,None,9 to 12 years,17,Woman,600,Euros,1,45678
Suivant,A1X68OWSQW8FBRïƒ…ïƒ…,French,5,3,3,3,4,1,3,4,3,4,2,2,4,4,4,4,1,1,1,1,1,4,5,5,5,5,2,2,1,2,2,C,1,12,,,,,,4,,,,,,Danse,Less than 5 years,36,Man,14000,Euros,1,A1X68OWSQW8FBRïƒ…
Suivant,A2NG0XQN0DZSQ4,French,4,2,4,2,4,2,2,1,5,2,2,2,2,2,2,2,2,2,2,4,4,4,2,4,2,4,5,2,2,2,2,C,1,1,,,,,,3,,,,,,None,Less than 5 years,22,Man,15000,Euros,2,A2NG0XQN0DZSQ4
Suivant,A253ASVHOYW5YI,French,3,1,5,1,1,4,5,3,5,1,1,1,1,1,1,1,1,1,1,1,4,1,1,1,4,3,2,4,4,4,4,A,1,1,,,,,,3,,,,,,None,5 to 8 years,28,Man,50000,Euros,2,A253ASVHOYW5YI
Suivant,A7QZUEQKLBC8T,French,4,4,3,2,2,4,4,2,3,1,1,1,1,1,1,1,1,1,1,2,4,2,1,1,4,4,2,2,2,3,3,B,1,2,,,,,,4,,,,,,None,9 to 12 years,27,Woman,19000,Euros,2,96547
Suivant,A3VNBNZM0HM35U,French,4,2,2,2,3,5,4,2,2,5,1,1,3,,1,1,1,1,1,4,4,4,1,5,3,1,1,2,2,1,1,A,1,2,,,,,,4,,,,,,None,More than 16 years,35,Woman,8500,Euros,3,241315
Suivant,A2F6Q2RRMW6VBQ,French,5,3,3,4,2,4,4,2,5,4,2,1,4,4,2,2,1,1,1,5,4,4,3,2,3,4,4,2,2,2,2,C,1,,,,,,,,,,,,,None,5 to 8 years,27,Woman,15000,Euros,1,6892
Suivant,A3PHU29FNBH1NW,French,1,1,1,1,1,3,5,2,3,1,1,1,1,1,1,1,1,1,1,1,1,1,1,1,3,5,1,2,2,2,3,C,1,2,,,,,,5,,,,,,None,More than 16 years,39,Woman,24000,Euros,2,10042705
Suivant,A2I9GQAUTF0TLI,French,4,1,4,4,3,3,3,1,2,4,5,1,5,3,2,1,4,2,3,1,4,1,1,1,4,1,2,5,4,4,3,D,1,6,,,,,,3,,,,,,None,5 to 8 years,23,Man,17200,Euros,3,3516
Suivant,A2EF4UERADCJKU,French,5,4,4,3,3,5,2,1,5,4,5,4,5,5,5,4,3,1,2,4,4,5,2,2,4,3,3,4,4,4,4,A,1,9,,,,,,5,,,,,,Chant,5 to 8 years,21,Woman,10000,Euros,2,112233
Suivant,A2ONTYIB9OTJVJ,French,3,2,2,2,3,4,4,3,2,1,1,1,1,1,1,1,1,1,1,2,2,2,4,4,3,4,1,4,4,3,4,D,1,17,,,,,,3,,,,,,None,14 to 16 years,45,Man,22000,Euros,2,141421
Suivant,A3FDR89022QHI,French,4,3,3,2,2,4,3,2,4,1,1,1,2,1,1,1,1,1,1,3,3,3,4,3,4,3,3,2,2,2,2,C,1,0,,,,,,0,,,,,,None,12 to 14 years,61,Man,10000,Euros,1,140789
Suivant,A49Y7JKXLIY4E,French,3,2,2,3,4,4,4,2,4,1,1,1,1,1,1,1,1,1,1,1,4,3,4,3,3,3,4,2,2,2,2,D,1,1,,,,,,5,,,,,,Peinture,More than 16 years,40,Woman,24000,Euros,1,123456
Suivant,A130U0IY73FDX1,French,3,2,2,1,2,4,4,4,4,1,1,1,1,1,1,1,1,1,1,4,4,3,3,1,3,5,2,4,3,4,4,C,1,2,,,,,,3,,,,,,None,5 to 8 years,24,Man,13000,Euros,1,190296
Suivant,A10Z4PPGKXZAIQ,French,2,4,4,2,3,5,2,4,2,3,2,2,2,1,2,2,1,2,2,4,2,4,4,4,4,4,2,3,4,4,2,D,1,1,,,,,,4,,,,,,None,Less than 5 years,24,Man,10000,Euros,1,A10Z4PPGKXZAIQ
Suivant,AWHQQGXFJNGHL,French,5,5,5,2,2,4,4,2,2,2,1,1,2,1,1,1,2,2,4,5,5,5,3,4,3,2,1,4,3,2,2,C,1,0,,,,,,0,,,,,,None,More than 16 years,23,Woman,12000,Euros,1,453486
Suivant,A2VKGQUJZMSUBL,French,5,5,5,4,2,4,5,3,2,1,2,2,2,1,1,1,1,1,1,2,5,3,4,1,4,5,3,2,2,1,2,D,,,,,,,,,,,,,,None,14 to 16 years,29,Woman,15000,Euros,1,21032020
Suivant,A3POQ5BNIWRKJP,French,5,2,4,1,1,3,4,3,2,1,1,1,1,1,1,1,1,1,1,1,4,4,4,2,4,4,3,3,2,2,1,A,1,4,,,,,,5,,,,,,None,12 to 14 years,29,Man,30000,Euros,3,433632
Suivant,AFSG1VE16FX3B,French,3,2,2,1,4,4,4,2,4,2,1,1,3,2,2,2,2,2,1,2,3,3,2,2,4,3,3,3,3,2,3,C,,,,,,,,,,,,,,None,5 to 8 years,42,Woman,0,Euros,1,77
Suivant,A3TVJTQUSMF8NI,French,5,2,2,2,2,4,4,4,4,1,1,1,1,1,1,1,1,1,1,2,4,3,1,1,4,5,2,2,2,2,2,C,2,5,4,,,,,4,4,,,,,None,5 to 8 years,35,Woman,25000,Euros,3,15091984
Suivant,A17775MXEU68K3,French,4,4,4,4,3,3,3,4,2,2,1,1,1,1,1,1,1,1,1,5,5,2,1,1,3,5,5,4,4,3,3,C,1,0,,,,,,0,,,,,,None,More than 16 years,32,Man,24000,Euros,0,2103
Suivant,A3GUB3VO8X1P5C,French,4,4,4,3,2,4,4,1,5,1,1,1,1,1,1,1,1,1,1,2,4,2,1,1,4,2,2,1,2,4,3,B,1,10,,,,,,4,,,,,,None,5 to 8 years,37,Man,37000,Euros,3,15051983
Suivant,A38G8EDRTFCS9S,French,5,4,4,2,2,4,4,2,4,3,2,1,4,4,3,4,2,2,1,2,4,4,3,2,3,3,4,4,4,4,4,B,1,4,,,,,,3,,,,,,None,14 to 16 years,43,Man,40000,Euros,3,176283
Suivant,A1V0FD2BL9JQ7C,French,3,3,3,2,3,4,4,4,4,1,1,1,2,2,1,1,1,1,1,2,4,2,2,2,4,3,3,3,4,4,4,B,1,13,,,,,,2,,,,,,None,12 to 14 years,38,Woman,24000,Euros,2,15052006
Suivant,A2AKFG0G3W81XN,French,3,4,4,3,3,2,4,3,2,3,2,1,1,1,1,1,1,1,1,4,3,2,4,3,5,3,2,4,4,4,4,D,1,2,,,,,,3,,,,,,None,Less than 5 years,26,Woman,15000,Euros,2,1051960
Suivant,A1N00CHM2H2O83,French,2,1,2,2,4,4,4,1,5,4,4,1,2,2,2,2,2,1,1,4,4,2,2,1,4,2,4,2,1,1,1,C,1,0,,,,,,0,,,,,,None,More than 16 years,30,Man,33000,Euros,1,14 07 19 89
Suivant,A3IBVMZ2AY6Z0H,French,3,2,2,3,2,4,3,1,5,1,1,1,1,1,1,1,1,1,1,4,4,2,3,2,2,2,3,4,3,4,3,D,1,1,,,,,,3,,,,,,None,More than 16 years,48,Man,44500,Euros,3,87654321
Suivant,A2MTK2FOIDN9Z2,French,5,4,4,3,4,4,4,1,5,1,1,1,2,2,1,1,1,1,1,1,4,4,2,2,3,3,4,1,3,2,2,C,1,1,,,,,,4,,,,,,None,5 to 8 years,25,Man,22000,Euros,3,1234
Suivant,A1X3S77785SQH0,French,3,3,3,2,1,5,5,1,2,1,1,1,1,1,1,1,1,1,1,2,4,2,2,1,4,4,3,4,4,4,4,B,1,4,,,,,,3,,,,,,None,9 to 12 years,36,Woman,,Euros,2,93933939
Suivant,A309D8BMR546FO,French,4,2,2,1,3,4,4,3,3,1,1,1,1,1,1,1,1,1,1,2,4,3,2,1,4,3,2,4,2,3,2,D,1,1,,,,,,3,,,,,,None,5 to 8 years,27,Woman,20000,Euros,2,2456
Suivant,A3QASIFO2KAX0K,French,4,3,3,2,2,4,4,4,4,2,1,1,1,1,1,1,1,1,1,1,4,3,1,1,4,4,3,4,4,4,4,D,2,11,7,,,,,3,3,,,,,None,More than 16 years,47,Man,60000,Euros,1,125445
Suivant,A1JA9VL6KLH9ER,French,4,3,3,4,2,4,4,2,4,2,1,1,3,2,1,1,2,2,2,4,4,3,2,1,3,2,4,3,2,3,4,C,1,3,,,,,,3,,,,,,None,14 to 16 years,30,Man,29000,Euros,3,31941
Suivant,A3IRGLXO0OXSQG,French,2,2,2,2,2,3,4,2,3,3,2,2,2,2,2,2,2,2,2,2,4,2,3,2,2,3,4,3,3,3,3,B,1,23,,,,,,5,,,,,,None,14 to 16 years,23,Man,30000,Euros,1,65321
Suivant,A2X3VHVPLWCTU1,French,5,5,,4,4,3,4,2,2,4,2,4,2,2,2,2,4,4,4,2,4,5,3,3,4,4,4,2,2,3,3,B,1,1,,,,,,4,,,,,,None,12 to 14 years,19,Man,24000,Euros,2,1468
Suivant,A14GM48E8T4BS3,French,4,2,3,2,1,4,4,1,5,1,1,1,1,1,1,1,1,1,1,4,4,2,1,1,3,4,3,4,4,3,4,A,,,,,,,,5,,,,,,None,Less than 5 years,36,Man,50000,Euros,1,701374
Suivant,A31QUY9EDSO178,French,5,4,4,3,3,3,4,3,4,5,4,1,1,1,1,1,1,1,1,4,4,3,3,3,4,4,3,3,3,3,3,A,1,6,,,,,,5,,,,,,None,5 to 8 years,30,Woman,30000,Euros,2,2707
Suivant,A1W7S6I109R46D,French,4,4,4,2,2,4,4,2,2,2,4,2,2,2,2,2,2,2,2,2,4,4,2,2,2,2,,2,2,2,2,B,1,25,,,,,,5,,,,,,None,14 to 16 years,45,Man,100000,Euros,3,A1W7S6I109R46D
Suivant,A39L3BFKH8Q9WN,French,5,4,2,3,2,4,5,2,4,1,2,2,2,2,2,2,2,2,2,4,4,2,5,5,2,2,1,4,4,4,4,B,2,5,2,,,,,3,3,,,,,None,12 to 14 years,26,Woman,25000,Euros,4,28102017
Suivant,A2R4HWGMQHM5FB,French,2,3,4,3,2,3,4,2,4,4,1,1,4,4,2,2,2,2,2,4,4,,3,1,4,4,4,4,4,2,3,D,2,12,4,,,,,3,2,,,,,None,More than 16 years,33,Man,43000,Euros,4,123456
Suivant,A3A26IMU2E8UJX,French,2,3,2,1,4,4,3,2,4,3,2,1,1,1,4,2,3,1,1,4,4,2,2,2,3,4,3,4,3,3,3,C,,,,,,,,0,,,,,,None,14 to 16 years,39,Woman,5000,Euros,2,2012
Suivant,AKMZI2RUWXXFL,French,3,3,3,3,3,3,3,3,3,3,2,2,2,2,2,2,2,2,2,2,2,2,2,2,2,3,2,3,3,3,3,C,1,4,,,,,,3,,,,,,None,More than 16 years,34,Man,10000,Euros,2,12345
Suivant, CopiedA3IVRPU56XARL5,French,4,,4,3,2,4,,1,,1,1,1,1,1,1,1,1,1,1,1,4,3,1,3,4,3,2,3,2,3,2,B,3,38,32,27,,,,3,1,3,,,,None,12 to 14 years,68,Man,37200,Euros,2,56420
Suivant,A2VXPJCWVA1AUC,French,4,4,4,3,3,4,4,2,2,2,2,2,2,2,2,2,2,2,1,4,4,3,4,4,4,4,3,3,2,4,3,D,1,7,,,,,,2,,,,,,None,Less than 5 years,56,Man,30000,Euros,3,91888
Suivant,AYDEWNX0M6F5G,French,4,3,4,2,2,3,4,1,5,2,2,2,1,1,1,1,1,1,1,4,4,3,2,1,4,3,4,3,4,3,3,B,1,0,,,,,,4,,,,,,None,14 to 16 years,22,Man,0,Euros,2,22052580
Suivant,A13PVNQT2WWWVL,French,5,5,5,4,2,3,4,4,5,3,1,1,1,1,1,1,1,1,1,1,1,1,3,1,4,4,5,5,3,4,3,B,1,10,,,,,,3,,,,,,None,Less than 5 years,43,Man,50000,Euros,3,206
Suivant,A3QIWHREBINC1Z,French,2,1,2,2,2,5,5,2,2,1,1,1,1,1,1,1,1,1,1,4,4,4,1,1,4,4,2,5,5,5,4,D,1,14,,,,,,5,,,,,,None,14 to 16 years,55,Man,40000,Euros,3,123234549
Suivant,A3VHPEKR9O63XX,French,4,3,4,3,2,4,5,2,4,1,1,1,1,1,1,1,1,1,1,4,4,2,2,1,4,3,3,4,5,5,5,C,2,13,9,,,,,5,5,,,,,None,More than 16 years,37,Man,85000,Euros,4,123456
Suivant,A1XYECSRUBKLZA,French,3,2,2,2,2,2,4,3,5,1,1,1,1,1,1,1,1,1,1,5,5,2,4,2,4,5,3,4,4,4,4,A,1,5,,,,,,3,,,,,,None,More than 16 years,30,Man,70000,Euros,1,5.56E+14
Suivant,A1G3F1NWHBTZZ9,French,4,2,2,2,2,4,4,4,3,1,1,1,1,1,1,1,1,1,1,1,4,2,3,1,4,4,2,4,4,4,4,D,1,1,,,,,,3,,,,,,None,Less than 5 years,25,Man,12000,Euros,3,12345
Suivant,A35UGAA144D6MX,French,5,4,4,1,1,4,4,5,4,4,1,3,1,1,1,1,1,1,1,1,1,1,4,1,4,4,2,2,2,2,2,C,2,11,7,,,,,,,,5,5,,None,5 to 8 years,38,Woman,1400,Euros,3,753951
Suivant,A2L32DLHK6BCSR,French,4,4,4,5,5,3,3,1,5,2,1,1,1,1,1,1,1,1,1,2,4,4,2,3,4,3,1,2,2,2,2,B,,,,,,,,,,,,,,None,14 to 16 years,34,Woman,1000,Euros,1,2711
Suivant,A2A4GYJ44EYZ86,French,5,3,3,3,4,3,3,3,4,3,2,2,2,2,2,2,2,2,2,4,4,2,3,2,3,4,4,3,3,3,3,B,1,0,,,,,,4,,,,,,None,5 to 8 years,30,Woman,33000,Euros,1,1234567
Suivant,AO7D2ISPG86RL,French,4,2,2,2,3,4,3,1,2,3,2,2,2,2,2,2,2,2,2,4,4,3,1,3,3,2,2,2,2,2,3,C,2,20,10,,,,,5,5,,,,,None,5 to 8 years,54,Man,22000,Euros,2,623026
Suivant,A12H0BY6L0C956,French,3,2,2,2,3,4,4,2,4,3,1,1,1,1,1,1,1,1,1,3,3,4,1,1,3,3,4,4,4,4,4,A,,,,,,,,,,,,,,None,12 to 14 years,37,Woman,35000,Euros,1,14011942
Suivant,A34DPLN8CFAUZ9,French,4,2,4,1,1,4,4,3,4,2,2,1,2,1,1,1,1,1,1,5,5,2,4,4,4,2,1,5,5,4,5,C,1,1,,,,,,3,,,,,,None,14 to 16 years,30,Man,40000,Euros,2,548798
Suivant,A3L7PKPIKGSEQF,French,4,4,3,3,3,4,4,4,5,4,3,2,4,4,2,2,1,1,1,3,4,3,4,4,3,4,1,4,3,4,3,E,1,12,,,,,,5,,,,,,,More than 16 years,28,Man,8000,Euros,2,159753
Suivant,A2IFYH67QIJBA2,French,4,3,3,4,4,4,4,2,4,3,4,3,2,2,3,1,1,1,1,1,1,3,2,1,3,4,3,4,3,4,4,D,1,3,,,,,,3,,,,,,None,5 to 8 years,27,Man,16000,Euros,2,25689
Suivant,A35VB70ZWXZGQX,French,5,4,4,1,1,3,4,4,2,4,4,2,1,1,1,1,1,1,1,2,4,2,3,3,4,4,2,3,3,3,3,B,1,10,,,,,,3,,,,,,None,14 to 16 years,39,Man,52000,Euros,3,1612
Suivant,A3A1PY8GLGYRR5,French,4,2,1,2,1,3,4,2,2,1,1,1,1,1,1,1,1,1,1,2,2,3,1,1,4,4,2,4,4,4,4,B,3,15,13,10,,,,4,4,4,,,,None,5 to 8 years,48,Man,32000,Euros,5,91204
Dalej,AGXVWHXJZ6O7K,Polish,1,1,1,1,4,3,3,5,5,1,1,1,1,1,1,1,1,1,1,5,1,1,1,3,3,3,4,3,3,3,4,B,2,9,14,,,,,5,5,,,,,None,More than 16 years,45,Man,11600,Euros,2,98764
Dalej,A31U5AWCDHN2ZJ,Polish,3,1,2,3,4,2,3,1,4,3,3,5,1,1,1,1,1,1,1,1,5,1,1,4,2,3,3,2,2,1,3,D,0,,,,,,,,,,,,,None,14 to 16 years,25,Man,9280,Euros,1,9643534
Dalej,A1EG21QJFPIQCE,Polish,2,2,2,1,2,3,2,3,3,1,1,1,1,1,1,1,1,1,1,1,5,4,2,1,5,2,4,3,3,3,3,C,0,,,,,,,,,,,,,None,More than 16 years,27,Woman,19860,Euros,1,12345
Dalej,A2B94S42SD16ZR,Polish,4,2,2,4,2,3,4,2,2,1,1,1,1,1,1,1,1,1,1,5,1,1,1,1,4,4,2,4,2,4,4,C,0,,,,,,,,,,,,,None,12 to 14 years,19,Man,0,Euros,1,229672451
Dalej,A16L9CJNFTS34E,Polish,2,2,2,1,3,3,3,1,5,1,1,1,1,1,1,1,1,1,1,4,5,4,1,1,4,5,5,3,3,3,3,C,0,,,,,,,,,,,,,None,14 to 16 years,32,Man,8120,Euros,1,259467241
Dalej,AMQDEH6870W20,Polish,2,2,1,1,2,4,1,1,5,1,1,1,1,1,1,1,1,1,1,5,5,2,3,1,2,5,2,2,2,4,3,B,0,,,,,,,,,,,,,None,12 to 14 years,32,Man,6960,Euros,1,987651
Dalej,AYFBKCYQWYLJR,Polish,4,4,4,3,3,3,4,2,2,3,2,1,1,1,1,1,1,1,1,2,2,2,3,3,3,2,4,3,3,3,3,C,1,2,,,,,,4,,,,,,None,9 to 12 years,32,Man,8352,Euros,3,1602
Dalej,A2EEOAYIRCOJQA,Polish,4,4,3,2,3,3,3,2,2,1,1,1,1,1,1,1,1,1,1,5,5,4,1,1,4,3,3,3,3,2,2,B,3,11,9,3,,,,3,3,2,,,,None,More than 16 years,40,Man,23200,Euros,5,24354
,AGXVWHXJZ6O7K,Polish,1,1,1,1,3,3,3,1,5,1,1,1,1,1,1,1,1,1,1,5,1,1,1,1,3,4,4,4,4,4,4,B,2,8,12,,,,,5,5,,,,,None,More than 16 years,45,Man,13920,Euros,2,123123
Avançar,AOYK9N5LK9X52,Portuguese,5,4,1,3,5,2,2,1,4,1,1,1,2,1,1,1,1,1,1,2,2,2,3,1,1,3,3,4,3,4,2,C,0,,,,,,,,,,,,,None,More than 16 years,40,Woman,10000,Euros,2,AOYK9N5LK9X52
Avançar,A3E7KJEEQL03QX,Portuguese,2,2,1,2,2,4,4,2,4,1,1,1,1,1,1,1,1,1,1,5,5,2,1,1,4,4,2,3,2,4,4,D,0,,,,,,,,,,,,,None,More than 16 years,27,Man,16000,Euros,2,24051709
Avançar,A2FUAVWYRMIU6S,Portuguese,1,1,2,2,2,4,4,4,5,1,1,1,1,1,1,1,1,1,1,4,4,4,2,1,3,2,4,4,4,4,4,B,2,24,23,,,,,3,3,,,,,None,More than 16 years,58,Man,25000,Euros,2,55871
,AWYAVVEVO3O6M,Portuguese,5,1,1,2,1,5,5,2,1,5,3,1,1,1,1,1,1,1,1,1,4,1,4,2,5,3,2,3,2,4,4,C,0,,,,,,,,,,,,,None,More than 16 years,28,Man,0,Euros,1,12345
Avançar,A2U8W2XICD5VV2,Portuguese,4,4,1,2,2,4,4,2,4,1,1,1,1,1,1,1,1,1,1,5,5,5,2,1,1,5,1,5,3,4,4,C,0,,,,,,,,,,,,,None,14 to 16 years,21,Man,0,Euros,1,61998
Avançar,AQ2842NFZ23L8,Portuguese,1,1,2,1,1,4,4,4,2,2,1,1,1,1,1,1,1,1,1,1,1,1,1,1,4,4,4,5,4,4,4,C,0,,,,,,,,,,,,,None,More than 16 years,29,Man,9000,Euros,1,987654321
Avançar,A2S3FUYTNVX1V8,Portuguese,5,4,4,2,4,2,2,1,4,1,1,1,1,1,1,1,1,1,1,4,4,2,1,1,2,2,2,4,2,4,2,B,0,,,,,,,,,,,,,None,More than 16 years,30,Woman,11000,Euros,1,1234
Avançar,AXE7GNW8KW3UM,Portuguese,4,1,2,1,2,4,4,4,4,1,1,3,1,1,1,1,1,1,1,1,4,2,1,3,3,4,4,4,4,4,4,C,0,,,,,,,,,,,,,None,12 to 14 years,20,Man,20000,Euros,1,123456
Avançar,A3Q2ZL4ESMPQSY,Portuguese,4,5,4,3,3,3,2,2,4,2,2,2,3,3,4,2,3,4,3,2,2,4,4,2,3,3,3,3,3,2,2,D,1,1,,,,,,5,,,,,,None,14 to 16 years,31,Man,350,Euros,2,123
Avançar,A1P36UOJ6X8K4C,Portuguese,4,4,4,3,2,3,3,4,2,4,2,1,1,1,1,1,1,1,1,1,2,4,3,1,2,4,2,4,3,4,3,A,0,,,,,,,,,,,,,None,12 to 14 years,22,Man,0,Euros,1,56125
Avançar,A8DMLATJZOF4Q,Portuguese,5,5,4,2,2,4,4,2,2,1,1,1,1,1,1,1,1,1,1,1,5,2,1,1,1,5,2,3,3,4,4,C,0,,,,,,,,,,,,,None,More than 16 years,26,Man,15000,Euros,2,1357
Avançar,A13YICB8X3DO,Portuguese,2,5,5,1,1,4,4,3,5,4,4,1,4,4,4,4,5,3,1,1,3,5,5,5,3,4,1,3,2,3,3,B,0,,,,,,,,,,,,,None,14 to 16 years,37,Woman,,Euros,2,1357908642
Avançar,A1D6WJJPHY1SB,Portuguese,4,2,3,2,2,3,4,2,2,3,1,1,1,1,1,1,1,1,1,2,2,2,3,3,4,3,2,4,4,4,4,D,0,,,,,,,,,,,,,None,14 to 16 years,33,Woman,12000,Euros,2,35481
Avançar,A2FUAVWYRMIU6S,Portuguese,1,1,1,1,2,4,4,4,4,1,1,1,1,1,1,1,1,1,1,4,4,4,1,1,4,2,4,4,4,4,4,C,2,25,24,,,,,3,3,,,,,None,More than 16 years,58,Man,25000,Euros,2,2376
Avançar,A11PBRV83N3VCL,Portuguese,5,5,5,4,4,2,2,2,4,3,3,3,3,3,3,3,3,3,2,4,4,4,4,1,2,1,4,4,1,4,2,A,0,,,,,,,,,,,,,None,12 to 14 years,28,Woman,6000,Euros,1,987654321
Avançar,AA0AU5KTGOHQR,Portuguese,4,5,5,4,2,1,1,4,4,2,4,5,4,5,2,4,2,4,4,2,,1,4,4,4,5,4,4,4,4,4,B,0,,,,,,,,,,,,,None,12 to 14 years,23,Man,120000,Euros,2,AA0AU5KTGOHQR
Avançar,A1LRDHZZUVF9AZ,Portuguese,4,2,3,4,4,2,2,1,4,1,1,1,1,1,1,1,1,1,1,5,5,4,1,1,4,4,3,3,3,3,3,B,0,,,,,,,,,,,,,None,12 to 14 years,36,Man,10000,Euros,1,12351245
Avançar,A2COPP4Y0UYN0B,Portuguese,4,2,2,1,1,2,3,4,4,1,1,1,2,4,1,1,1,1,1,1,3,2,3,1,2,2,2,4,4,2,4,C,0,0,0,0,0,0,0,,,,,,,None,9 to 12 years,43,Man,25000,Euros,2,19760000
Siguiente,A1XFDNEVWHKIGD,Spanish,5,4,4,1,1,4,4,2,2,1,1,2,1,2,2,2,1,1,1,4,5,2,3,2,4,2,1,2,4,2,4,D,2,12,8,,,,,N/A,N/A,N/A,N/A,N/A,N/A,None,12 to 14 years,48,Woman,17000,Euros,3,45867
Siguiente,A2W2VKFD4354RM,Spanish,4,3,3,2,3,4,3,2,2,3,2,1,1,1,1,1,1,1,1,4,5,4,3,3,3,5,2,5,4,5,5,B,4,26,24,23,14,,,N/A,N/A,N/A,N/A,N/A,N/A,None,14 to 16 years,55,Man,20000,Euros,2,14321
Siguiente,A2MTWLYW5TCAQX,Spanish,5,5,4,2,4,4,4,1,4,4,3,4,4,4,2,2,3,3,2,5,5,5,4,3,3,3,3,2,1,1,1,A,0,,,,,,,N/A,N/A,N/A,N/A,N/A,N/A,None,More than 16 years,26,Woman,19000,Euros,1,144789
Siguiente,AQFO0KQABIQIT,Spanish,5,5,5,5,4,5,4,5,3,2,1,1,4,1,1,1,1,1,1,1,5,5,5,1,1,5,5,5,5,5,5,A,0,0,,,,,,N/A,N/A,N/A,N/A,N/A,N/A,None,12 to 14 years,22,Man,20000,Euros,1,123456789
Siguiente,ANKV63HACP4GP,Spanish,5,3,3,1,3,5,5,2,5,2,1,1,1,1,1,1,1,1,1,4,5,2,4,1,4,3,3,4,4,3,3,A,0,,,,,,,N/A,N/A,N/A,N/A,N/A,N/A,None,12 to 14 years,33,Man,20000,Euros,1,8648
Siguiente,A5UJ9FNPEIOKK,Spanish,4,4,4,2,2,5,5,3,4,2,1,1,1,1,1,1,1,1,1,5,5,4,2,3,5,4,2,3,3,2,1,A,1,13,,,,,,N/A,N/A,N/A,N/A,N/A,N/A,None,More than 16 years,37,Woman,24000,Euros,3,9999
Siguiente,A2L93YHNXWBGK4,Spanish,5,4,5,1,5,5,4,3,1,1,1,1,1,1,1,1,1,1,1,1,4,1,5,1,4,5,5,3,1,4,1,D,0,0,,,,,,N/A,N/A,N/A,N/A,N/A,N/A,None,More than 16 years,24,Woman,0,Euros,2,503
Siguiente,A1ME7M2EEYN7SN,Spanish,4,1,1,1,1,4,5,5,1,3,1,1,1,1,1,1,1,1,1,4,4,2,2,2,3,4,1,4,4,4,4,D,0,0,,,,,,N/A,N/A,N/A,N/A,N/A,N/A,None,More than 16 years,41,Woman,0,Euros,1,123456
Siguiente,A2RAB1U0J14UY6,Spanish,4,2,4,1,1,4,4,3,4,2,1,1,1,2,1,1,1,1,1,4,5,4,3,4,3,3,2,3,3,3,3,C,0,,,,,,,N/A,N/A,N/A,N/A,N/A,N/A,None,More than 16 years,22,Man,0,Euros,2,6789
Siguiente,A1KTW2D0EUAZA2,Spanish,2,1,1,1,2,4,4,1,2,1,1,1,5,5,5,5,4,5,5,5,5,2,4,2,4,2,1,2,2,4,4,D,0,,,,,,,N/A,N/A,N/A,N/A,N/A,N/A,None,More than 16 years,35,Woman,94176,Euros,1,12345
Siguiente,A254ROPLOGSLO8,Spanish,5,4,2,1,4,5,5,3,4,1,1,1,1,1,1,1,1,1,1,4,4,4,3,1,2,2,2,4,4,4,4,C,1,2,,,,,,N/A,N/A,N/A,N/A,N/A,N/A,None,More than 16 years,24,Woman,12000,Euros,1,960996
Siguiente,A3V61LAPMNIID3,Spanish,4,4,4,3,2,4,4,1,5,1,1,1,1,1,1,1,1,1,1,4,5,5,4,4,4,4,4,4,4,4,4,D,0,,,,,,,N/A,N/A,N/A,N/A,N/A,N/A,None,More than 16 years,25,Man,28000,Euros,1,768768687
Siguiente,A3S3HGGP5RX000,Spanish,5,4,5,2,2,4,4,3,5,1,1,1,1,1,1,1,1,1,1,1,5,5,4,1,4,2,3,3,3,2,3,B,0,0,,,,,,N/A,N/A,N/A,N/A,N/A,N/A,None,12 to 14 years,36,Man,24000,Euros,1,7110
Siguiente,A18JZK5IB3KA28,Spanish,5,4,4,5,5,2,2,1,4,1,1,1,1,1,1,1,1,1,1,4,4,3,1,1,4,2,4,2,1,2,2,A,0,,,,,,,N/A,N/A,N/A,N/A,N/A,N/A,Pintura,12 to 14 years,32,Man,12000,Euros,1,123456
,,Spanish,,1,1,1,1,1,4,5,2,1,1,1,1,1,1,1,1,1,1,1,2,1,1,1,1,1,1,3,3,3,3,D,1,0,,,,,,N/A,N/A,N/A,N/A,N/A,N/A,None,More than 16 years,38,Man,10000,Euros,1,505050
Siguiente,A167PUWINYZLZN,Spanish,4,4,4,2,1,4,4,3,3,1,1,1,1,1,1,1,1,1,1,1,4,2,2,1,2,4,2,2,2,2,2,B,0,0,,,,,,N/A,N/A,N/A,N/A,N/A,N/A,None,12 to 14 years,38,Man,22000,Euros,1,123456
Siguiente,AKGOY0XXE8H5P,Spanish,5,4,4,5,1,5,5,4,1,1,1,1,1,1,1,1,1,1,1,1,4,2,1,1,2,2,4,4,2,2,1,D,0,,,,,,,N/A,N/A,N/A,N/A,N/A,N/A,None,More than 16 years,59,Woman,20000,Euros,2,300760
Siguiente,A51FWOEG9TFJU,Spanish,4,2,2,1,5,4,4,4,2,1,1,1,1,1,1,1,1,1,1,1,5,4,1,2,4,4,1,5,4,5,4,D,0,,,,,,,N/A,N/A,N/A,N/A,N/A,N/A,None,14 to 16 years,19,Woman,0,Euros,1,3456
Siguiente,A3C4YT6AJ1SLHY,Spanish,4,4,4,1,3,4,4,2,3,2,1,1,1,1,1,1,1,1,1,2,3,2,3,3,3,3,3,3,3,3,3,B,2,4,13,,,,,N/A,N/A,N/A,N/A,N/A,N/A,Bailar,More than 16 years,40,Man,25000,Euros,2,123456789
Siguiente,A3N46NGKO48QDZ,Spanish,4,2,2,2,3,2,2,3,3,2,1,1,3,1,1,1,4,1,1,1,5,4,1,1,2,2,4,1,1,1,1,B,2,22,20,,,,,N/A,N/A,N/A,N/A,N/A,N/A,None,More than 16 years,49,Woman,17000,Euros,4,16770
Siguiente,A11YPP2PAWE47H,Spanish,2,1,1,2,3,4,4,4,2,1,1,1,1,1,1,1,1,1,1,4,5,2,1,1,4,4,2,3,3,3,3,C,2,18,15,,,,,N/A,N/A,N/A,N/A,N/A,N/A,None,12 to 14 years,36,Man,20000,Euros,4,54321
Siguiente,A31ZT5G80G1W2A,Spanish,1,1,2,1,1,5,5,4,5,1,1,1,1,1,1,1,1,1,4,1,5,5,3,4,5,4,4,2,2,3,2,D,1,3,,,,,,N/A,N/A,N/A,N/A,N/A,N/A,None,14 to 16 years,29,Man,6000,Euros,2,A31ZT5G80G1W2A
Siguiente,A36Y503MT333BI,Spanish,4,4,3,5,5,5,5,5,1,1,1,1,1,1,1,1,1,1,1,1,3,1,1,1,4,4,3,5,5,5,5,C,0,,,,,,,N/A,N/A,N/A,N/A,N/A,N/A,None,12 to 14 years,45,Man,1200,Euros,2,123456
Siguiente,A29FYMYYFMNS1F,Spanish,5,5,1,2,1,4,5,3,3,4,1,1,1,1,1,1,1,1,1,5,5,3,5,3,5,5,3,3,3,3,3,C,0,0,,,,,,N/A,N/A,N/A,N/A,N/A,N/A,None,9 to 12 years,31,Woman,10000,Euros,2,A29FYMYYFMNS1F
Siguiente,A3CG4X5QB9I1QD,Spanish,5,4,4,3,3,4,4,4,2,2,1,1,1,1,1,1,1,1,1,1,2,1,4,4,4,4,2,4,4,4,4,B,0,,,,,,,N/A,N/A,N/A,N/A,N/A,N/A,None,14 to 16 years,31,Man,20000,Euros,2,5698452
Siguiente,A3E0YGY9OQE62W,Spanish,4,4,4,4,4,4,5,4,1,1,1,1,1,1,1,1,1,1,1,5,3,4,4,1,4,4,1,4,4,4,4,D,1,3,,,,,,N/A,N/A,N/A,N/A,N/A,N/A,None,More than 16 years,38,Man,36000,Euros,3,321123
Siguiente,A3NJAMHOOFX5WV,Spanish,5,5,4,3,3,4,3,3,4,3,3,3,4,4,4,4,4,4,4,3,4,4,5,5,5,5,1,1,1,1,1,B,1,6,,,,,,N/A,N/A,N/A,N/A,N/A,N/A,None,14 to 16 years,18,Man,40000,Euros,3,123456
Siguiente,A2IQQGQBRDMJPN,Spanish,4,2,2,1,3,5,5,4,2,1,1,2,2,2,2,2,2,2,2,1,4,4,5,5,5,5,2,4,4,4,4,A,0,0,,,,,,N/A,N/A,N/A,N/A,N/A,N/A,None,More than 16 years,26,Woman,900,Euros,2,21509072
Siguiente,A2Y7W27383P5CB,Spanish,1,1,1,1,2,3,4,4,4,1,1,1,1,1,1,1,1,1,1,1,5,4,1,1,1,5,5,5,5,5,5,B,0,0,,,,,,N/A,N/A,N/A,N/A,N/A,N/A,None,12 to 14 years,36,Woman,10000,Euros,1,A2Y7W27383P5CB
Siguiente,COPIEDA31KVTER4THXW5,Spanish,1,1,1,1,1,4,4,5,2,1,1,1,1,1,1,1,1,1,1,1,1,1,1,1,3,3,1,5,3,5,3,D,0,,,,,,,N/A,N/A,N/A,N/A,N/A,N/A,None,5 to 8 years,26,Woman,9600,Euros,1,123456
,A28X46RLXSUB0E,Spanish,1,5,1,1,3,4,2,1,4,4,5,4,4,1,1,2,4,4,2,4,4,5,3,3,4,4,3,2,4,4,3,B,0,0,,,,,,N/A,N/A,N/A,N/A,N/A,N/A,Jardinería,Less than 5 years,26,Man,9000,Euros,2,A28X46RLXSUB0E
Siguiente,ACW9Q4XP6B9WL,Spanish,5,5,5,3,3,4,4,3,4,1,1,1,1,1,,1,1,1,1,4,4,3,1,1,1,5,3,5,5,5,5,B,3,17,5,1,,,,N/A,N/A,N/A,N/A,N/A,N/A,None,More than 16 years,37,Man,34000,Euros,1,123456
Siguiente,A1QRDR68YTAOK7,Spanish,2,1,2,1,1,2,3,4,5,1,1,1,1,1,1,1,1,1,1,5,5,1,5,5,5,4,1,5,5,5,5,D,1,3,,,,,,N/A,N/A,N/A,N/A,N/A,N/A,None,14 to 16 years,22,Woman,60000,Euros,1,30122002
Siguiente,AP7XR5WICAWZF,Spanish,2,4,3,1,1,2,1,2,5,1,1,1,1,1,1,1,1,1,1,2,5,5,2,1,3,3,2,3,3,4,4,E,0,,,,,,,N/A,N/A,N/A,N/A,N/A,N/A,None,9 to 12 years,19,Man,600,Euros,4,198923
Siguiente,A30PKXHX7OYR86,Spanish,4,2,1,1,2,3,3,3,4,2,2,2,2,2,2,2,2,2,2,1,4,4,4,3,3,5,3,4,4,4,4,B,0,,,,,,,N/A,N/A,N/A,N/A,N/A,N/A,None,12 to 14 years,25,Man,0,Euros,2,14890
Siguiente,A33L67O7845UL8,Spanish,5,5,5,4,4,4,5,4,4,4,1,1,1,1,1,1,1,1,1,1,4,4,4,4,4,5,4,5,2,2,4,B,0,,,,,,,N/A,N/A,N/A,N/A,N/A,N/A,None,14 to 16 years,24,Woman,10000,Euros,1,25789
Siguiente,A3V4KFVI2TJ9ON,Spanish,2,2,2,1,2,4,3,4,2,2,1,1,1,1,1,1,1,1,1,3,3,3,3,5,4,3,2,4,4,4,4,C,2,8,5,,,,,N/A,N/A,N/A,N/A,N/A,N/A,None,More than 16 years,39,Man,15000,Euros,2,987654
Siguiente,A3OS98JML0G65O,Spanish,4,5,4,4,3,4,3,1,4,2,2,1,1,1,1,1,1,1,1,4,4,2,1,1,2,3,2,3,1,1,2,C,0,,,,,,,N/A,N/A,N/A,N/A,N/A,N/A,Bailar,More than 16 years,26,Man,24000,Euros,1,456
Siguiente,A1HTE7S3S6OWNA,Spanish,4,4,2,2,2,4,4,4,3,1,1,1,1,1,1,1,1,1,1,3,5,5,4,4,4,2,1,4,4,4,4,B,2,11,7,,,,,N/A,N/A,N/A,N/A,N/A,N/A,None,9 to 12 years,45,Man,50000,Euros,4,998877
Siguiente,A2RKD1F02LEJ3E,Spanish,2,2,4,1,5,2,5,2,5,1,5,2,5,2,4,2,5,2,4,1,4,1,4,2,5,2,4,2,2,5,2,D,2,2,3,,,,,N/A,N/A,N/A,N/A,N/A,N/A,None,5 to 8 years,27,Man,60000,Euros,2,456098
Siguiente,A23CFOROXR7G7B,Spanish,3,4,4,4,4,4,4,2,5,1,1,1,1,1,1,1,1,1,1,4,4,5,4,3,4,4,4,2,2,3,3,C,0,,,,,,,N/A,N/A,N/A,N/A,N/A,N/A,None,12 to 14 years,30,Woman,11000,Euros,1,13579
Siguiente,AE9M932HMHSG2,Spanish,3,4,2,2,2,4,4,4,5,2,2,4,1,1,1,1,2,2,1,2,4,5,4,2,4,4,2,5,4,3,3,B,0,,,,,,,N/A,N/A,N/A,N/A,N/A,N/A,None,12 to 14 years,25,Woman,12000,Euros,2,13245
Siguiente,AZX6D33D9PHGA,Spanish,3,3,2,2,2,3,4,3,2,1,1,1,1,1,1,1,1,1,1,4,4,4,3,3,4,4,2,4,4,4,4,D,0,,,,,,,N/A,N/A,N/A,N/A,N/A,N/A,None,More than 16 years,37,Man,0,Euros,2,123456789
,A3EHE32S5AS1I1,Spanish,3,2,2,3,2,2,3,4,2,1,1,1,1,1,1,1,1,1,1,1,4,4,1,1,2,4,3,3,3,3,2,C,0,,,,,,,N/A,N/A,N/A,N/A,N/A,N/A,None,More than 16 years,30,Man,30000,Euros,1,123456
Siguiente,A1V6B98VMTBSFS,Spanish,4,4,4,3,3,3,4,2,4,1,1,1,1,1,1,1,1,1,1,1,2,4,4,3,3,3,3,4,3,3,3,D,0,0,,,,,,N/A,N/A,N/A,N/A,N/A,N/A,None,9 to 12 years,33,Man,17756,Euros,1,1020304
Siguiente,A2FT4ZOUG4AZ9G,Spanish,5,5,5,1,3,3,3,2,4,5,3,2,5,5,2,3,4,4,3,4,5,2,3,4,2,3,4,2,2,2,2,C,0,0,,,,,,N/A,N/A,N/A,N/A,N/A,N/A,None,More than 16 years,37,Man,15000,Euros,1,2901
Siguiente,A344SC55CM56KN,Spanish,5,5,5,1,5,5,5,5,5,1,1,1,1,1,1,1,1,1,1,5,5,2,3,3,5,5,4,5,4,4,4,C,0,,,,,,,N/A,N/A,N/A,N/A,N/A,N/A,None,5 to 8 years,35,Man,35000,Euros,1,676660240
Siguiente,A1V2R8UO8EBY56,Spanish,4,4,4,4,4,4,4,4,4,5,4,4,4,4,4,4,4,4,4,4,4,4,4,4,4,4,4,4,4,4,4,B,2,3,2,,,,,N/A,N/A,N/A,N/A,N/A,N/A,Pintura,5 to 8 years,35,Man,25000,Euros,1,4
Siguiente,A2VA6B5QIINA6B,Spanish,5,5,5,4,4,3,2,4,3,1,1,1,1,1,1,1,1,1,1,4,5,4,1,1,5,1,4,2,1,2,1,A,0,,,,,,,N/A,N/A,N/A,N/A,N/A,N/A,None,14 to 16 years,26,Man,10000,Euros,2,45654
Siguiente,A1YIGXBU6FQQ6C,Spanish,3,2,2,2,3,3,2,4,2,1,1,1,1,1,1,1,1,1,1,2,4,3,3,2,2,3,4,3,3,3,3,D,0,0,0,0,0,0,0,N/A,N/A,N/A,N/A,N/A,N/A,None,More than 16 years,33,Man,7500,Euros,1,27786
Siguiente,A2M3EEF8MNOMM6,Spanish,4,2,2,1,2,4,4,5,2,1,1,1,1,1,1,1,1,1,1,1,1,1,2,3,4,4,2,5,4,5,4,B,1,19,,,,,,N/A,N/A,N/A,N/A,N/A,N/A,None,14 to 16 years,43,Man,20000,Euros,3,36154589
Siguiente,A23XOS62TY6CGM,Spanish,4,2,2,2,2,4,4,2,4,1,1,1,1,1,1,1,1,1,1,1,5,2,1,1,3,1,2,3,4,4,4,D,0,,,,,,,N/A,N/A,N/A,N/A,N/A,N/A,None,More than 16 years,25,Man,70000,Euros,1,19940616
Siguiente,A1B0ACGHQ94SXY,Spanish,5,5,5,2,2,2,4,4,3,1,1,1,1,1,1,1,1,1,1,5,5,5,5,1,4,3,5,5,5,5,5,A,0,,,,,,,N/A,N/A,N/A,N/A,N/A,N/A,None,14 to 16 years,24,Man,0,Euros,1,65656565
Siguiente,A3DXV5QHOZ66ZE,Spanish,5,4,1,1,2,5,5,2,5,4,5,2,1,1,1,4,1,1,1,5,5,1,5,5,5,5,1,3,3,4,4,A,0,,,,,,,N/A,N/A,N/A,N/A,N/A,N/A,None,More than 16 years,18,Woman,0,Euros,1,1312
Siguiente,A1S7CWWMAQ2OHN,Spanish,4,4,1,1,2,5,5,5,3,2,1,4,2,2,2,2,2,2,1,1,1,1,4,2,4,4,4,5,3,3,3,C,0,,,,,,,N/A,N/A,N/A,N/A,N/A,N/A,None,14 to 16 years,36,Woman,14000,Euros,2,124735
Siguiente,A3J9GVONA6LZI3,Spanish,4,1,1,1,4,4,4,3,4,1,1,1,1,1,1,1,1,1,1,2,3,3,3,5,5,5,,3,3,3,3,D,2,18,12,,,,,N/A,N/A,N/A,N/A,N/A,N/A,None,More than 16 years,34,Man,20000,Euros,2,515253
,A2B5O7JE1VXD81,Spanish,5,2,3,1,3,1,3,2,1,3,1,1,1,2,1,1,1,1,1,1,1,1,2,1,4,3,2,4,5,3,3,D,0,0,,,,,,N/A,N/A,N/A,N/A,N/A,N/A,None,14 to 16 years,48,Man,10000,Euros,1,A2B5O7JE1VXD81
Siguiente,APIB5IZUFB94K,Spanish,5,5,4,4,3,4,5,1,5,,1,1,1,1,4,1,1,1,1,2,5,5,4,3,5,1,1,1,1,1,1,C,0,,,,,,,N/A,N/A,N/A,N/A,N/A,N/A,None,5 to 8 years,31,Woman,10000,Euros,1,34233668
Siguiente,A31DMFX6LAAP0R,Spanish,4,4,5,4,4,3,4,3,4,2,3,4,3,3,3,3,3,2,1,1,5,4,2,2,3,3,2,5,2,2,5,A,0,,,,,,,N/A,N/A,N/A,N/A,N/A,N/A,None,More than 16 years,29,Man,0,Euros,1,1309
Siguiente,A1RB8XDXXXD2QQ,Spanish,2,1,2,4,3,4,4,4,2,1,1,1,1,1,1,1,1,1,1,5,5,2,1,1,1,2,4,2,2,3,2,C,0,,,,,,,N/A,N/A,N/A,N/A,N/A,N/A,None,14 to 16 years,54,Man,45000,Euros,1,684213
Siguiente,A3LPF6L19IU9LV,Spanish,4,4,4,1,3,4,4,3,4,1,1,1,1,1,1,1,1,1,1,1,5,2,2,1,3,3,1,3,3,3,3,D,0,0,,,,,,N/A,N/A,N/A,N/A,N/A,N/A,None,12 to 14 years,22,Woman,26000,Euros,2,3141
,A16KWUVQ5YMJU8,Spanish,4,4,4,3,3,5,4,3,4,3,1,1,2,2,2,3,1,1,3,2,1,4,3,3,4,4,3,4,3,3,3,B,2,10,8,,,,,N/A,N/A,N/A,N/A,N/A,N/A,None,More than 16 years,49,Man,20000,Euros,4,9115048
Siguiente,A3BZOD522GB245,Spanish,5,4,4,2,2,4,4,4,3,1,1,1,1,1,1,1,1,1,1,1,4,3,2,1,2,2,4,4,3,3,3,C,0,,,,,,,N/A,N/A,N/A,N/A,N/A,N/A,None,More than 16 years,25,Man,20000,Euros,2,33459
Siguiente,A1EVKBOL0AH47A,Spanish,2,2,2,1,2,4,3,3,2,4,1,1,4,4,4,4,1,1,1,1,5,4,3,1,3,4,4,2,3,1,1,C,0,,,,,,,N/A,N/A,N/A,N/A,N/A,N/A,None,12 to 14 years,27,Woman,25000,Euros,1,2048
Siguiente,A1KG53NAJ44F1X,Spanish,5,2,2,1,5,5,5,3,5,3,2,3,2,2,2,2,2,2,2,1,4,5,4,4,2,5,2,4,4,3,4,C,0,,,,,,,N/A,N/A,N/A,N/A,N/A,N/A,None,9 to 12 years,27,Man,12000,Euros,2,250992
Siguiente,A36GYEBQ8DJRYF,Spanish,5,4,3,4,2,5,5,4,2,1,1,1,1,1,1,2,1,1,1,4,3,4,5,1,4,4,2,4,3,4,1,D,0,,,,,,,N/A,N/A,N/A,N/A,N/A,N/A,None,More than 16 years,24,Man,20000,Euros,3,123456
Siguiente,A1EZJPE0L9PVEM,Spanish,3,2,2,1,3,5,5,3,2,2,1,1,1,1,1,1,1,1,1,2,1,5,1,1,4,5,1,4,3,3,3,D,0,,,,,,,N/A,N/A,N/A,N/A,N/A,N/A,None,More than 16 years,26,Man,0,Euros,1,123456
Siguiente,ABTLQK3LC98XM,Spanish,5,3,2,4,3,4,4,4,1,2,1,1,2,2,2,2,1,1,1,5,1,2,4,1,4,1,4,1,4,4,4,A,0,,,,,,,N/A,N/A,N/A,N/A,N/A,N/A,None,More than 16 years,23,Other,5000,Euros,1,12321
Siguiente,AQGRIYNA4FWKA,Spanish,4,2,4,1,3,2,2,1,1,4,1,1,4,4,4,4,1,1,1,4,5,5,5,1,3,2,,2,3,1,1,D,0,,,,,,,N/A,N/A,N/A,N/A,N/A,N/A,None,More than 16 years,36,Man,12000,Euros,1,24051984
Siguiente,A26P65URH7UCY3,Spanish,5,5,5,1,2,2,3,3,4,4,1,1,3,3,3,3,3,1,2,2,5,5,4,4,2,4,4,4,4,3,4,B,0,,,,,,,N/A,N/A,N/A,N/A,N/A,N/A,None,,18,Man,,Euros,3,A26P65URH7UCY3
Siguiente,A39YCDKL0UM74C,Spanish,1,5,5,5,5,5,4,4,5,1,1,1,1,1,1,1,1,1,1,4,5,4,5,1,4,4,4,4,1,2,2,D,1,5,,,,,,N/A,N/A,N/A,N/A,N/A,N/A,None,9 to 12 years,34,Man,36000,Euros,3,123456
Siguiente,A32J0HU13ZQSRG,Spanish,4,1,1,2,3,4,5,4,1,1,1,1,1,1,1,1,1,1,1,1,5,3,1,1,4,2,1,5,4,5,2,D,0,,,,,,,N/A,N/A,N/A,N/A,N/A,N/A,None,More than 16 years,23,Man,80,Euros,4,23654567
Siguiente,A15ZN420BB2KKP,Spanish,2,4,4,2,3,4,4,5,1,3,1,1,1,1,1,1,1,1,1,4,5,5,4,2,4,3,1,2,2,1,4,C,0,0,,,,,,N/A,N/A,N/A,N/A,N/A,N/A,None,More than 16 years,19,Man,20000,Euros,1,741258963
Siguiente,A3GQRKLSYSOWT5,Spanish,5,5,4,1,1,2,4,4,4,1,1,1,1,1,1,1,1,1,1,1,4,3,1,1,4,5,1,5,5,5,5,C,0,,,,,,,N/A,N/A,N/A,N/A,N/A,N/A,None,14 to 16 years,18,Woman,0,Euros,1,123
Siguiente,A37P3U17NKP1VZ,Spanish,5,4,5,1,2,5,4,4,3,1,1,1,1,1,1,1,1,1,1,4,5,4,2,1,1,5,4,4,4,4,4,D,1,2,,,,,,N/A,N/A,N/A,N/A,N/A,N/A,None,More than 16 years,22,Woman,13,Euros,1,1997
Siguiente,AX8990LBL63YT,Spanish,1,1,1,1,3,3,4,4,1,1,1,1,3,1,1,1,1,1,1,4,4,4,1,1,2,2,2,4,4,4,4,A,0,0,,,,,,N/A,N/A,N/A,N/A,N/A,N/A,None,More than 16 years,42,Woman,0,Euros,1,8990
Siguiente,A1OOK6J798YR0G,Spanish,5,4,4,1,4,3,4,2,5,3,3,2,1,1,2,3,1,1,1,5,4,4,4,2,4,3,4,4,4,4,4,B,0,,,,,,,N/A,N/A,N/A,N/A,N/A,N/A,None,,31,Man,5000,Euros,2,4646
Siguiente,A2NBZTWKEOSZ2C,Spanish,2,1,1,4,3,4,4,3,4,1,1,1,1,1,1,1,1,1,1,1,4,5,1,1,2,2,2,5,4,4,4,B,0,,,,,,,N/A,N/A,N/A,N/A,N/A,N/A,None,14 to 16 years,21,Man,0,Euros,4,1492
Siguiente,A2XAFV105K79SV,Spanish,4,4,4,5,2,2,4,4,2,3,3,5,5,3,4,2,2,4,3,1,4,3,1,1,2,2,5,2,3,4,2,A,0,0,,,,,,N/A,N/A,N/A,N/A,N/A,N/A,None,12 to 14 years,38,Man,0,Euros,1,202069
Siguiente,A1QRDR68YTAOK7,Spanish,2,1,1,1,2,4,4,1,5,1,1,2,1,1,1,1,1,1,1,4,5,1,5,5,5,4,5,5,5,5,5,B,1,2,,,,,,N/A,N/A,N/A,N/A,N/A,N/A,None,14 to 16 years,22,Woman,30000,Euros,1,29568485
Siguiente,A1JIKWB3FJOHP3,Spanish,2,3,3,1,1,1,3,4,2,1,1,1,1,1,1,1,1,1,1,4,4,4,1,1,3,3,2,2,2,2,2,C,0,,,,,,,N/A,N/A,N/A,N/A,N/A,N/A,None,12 to 14 years,43,Man,15000,Euros,1,2451
Siguiente,A2DTNBDJUJKY7V,Spanish,1,4,5,2,5,3,2,1,5,4,2,4,4,2,3,4,5,3,4,5,2,4,4,1,5,3,4,5,3,4,5,A,0,15,5,2,12,9,23,N/A,N/A,N/A,N/A,N/A,N/A,Montar en patineta,Less than 5 years,18,,0,Euros,3,PayPal
Siguiente,https://www.surveymonkey.com/r/5SLBQ53,Spanish,4,2,3,4,4,5,3,4,5,1,1,2,4,4,3,2,1,1,2,1,5,5,5,5,4,5,1,4,4,4,5,C,0,0,,,,,,N/A,N/A,N/A,N/A,N/A,N/A,None,14 to 16 years,18,Man,1800,Euros,2,2905
Siguiente,A23CFOROXR7G7B,Spanish,2,4,4,3,3,2,4,2,5,1,1,1,1,1,1,1,1,1,1,4,2,5,4,4,4,4,4,5,4,4,4,C,0,,,,,,,N/A,N/A,N/A,N/A,N/A,N/A,None,14 to 16 years,30,Woman,11000,Euros,1,13579
Siguiente,AV1GWUIPHJY7Q,Spanish,5,4,4,3,3,4,5,2,4,2,1,1,2,1,1,1,1,1,1,4,5,4,3,2,2,3,4,1,2,1,2,B,0,,,,,,,N/A,N/A,N/A,N/A,N/A,N/A,None,9 to 12 years,46,Woman,0,Euros,1,AV1GWUIPHJY7Q
Siguiente,ABD4G7AIDOJBI,Spanish,5,4,5,2,4,4,3,2,4,1,1,1,1,1,1,1,1,1,1,3,4,1,2,1,4,4,2,4,4,4,2,A,0,,,,,,,N/A,N/A,N/A,N/A,N/A,N/A,None,More than 16 years,37,Man,12000,Euros,2,1234
Siguiente,ATSM7GUCGQ4JV,Spanish,2,1,1,1,1,5,4,5,3,1,1,1,1,1,1,1,1,1,1,1,5,4,1,1,4,3,1,5,5,5,5,C,0,,,,,,,N/A,N/A,N/A,N/A,N/A,N/A,None,More than 16 years,20,Man,20000,Euros,1,17082017
Siguiente,A36R3HS4R9NVOO,Spanish,5,4,2,1,1,2,2,3,1,2,1,1,1,1,1,1,1,1,1,1,2,1,2,2,4,2,2,5,5,5,5,B,0,0,,,,,,N/A,N/A,N/A,N/A,N/A,N/A,Bailar,More than 16 years,26,Woman,15000,Euros,1,71899984
Siguiente,A22ATWHD528Y7A,Spanish,2,1,2,3,3,4,4,3,4,1,1,1,1,1,1,1,1,1,1,1,5,4,3,1,4,4,4,4,4,4,4,D,0,,,,,,,N/A,N/A,N/A,N/A,N/A,N/A,None,More than 16 years,20,Woman,600,Euros,1,2907
Siguiente,A3E0YGY9OQE62W,Spanish,4,3,3,4,3,2,2,3,2,1,1,1,1,1,1,1,1,1,1,5,5,4,1,1,4,4,1,4,4,4,4,D,1,3,,,,,,N/A,N/A,N/A,N/A,N/A,N/A,None,More than 16 years,38,Man,30000,Euros,3,12345
Siguiente,A2QEITGSF9213R,Spanish,2,2,1,1,1,3,3,3,4,4,2,4,5,1,5,1,4,1,4,1,1,2,2,3,3,5,4,2,2,1,2,B,2,17,1,,,,,N/A,N/A,N/A,N/A,N/A,N/A,None,14 to 16 years,39,Woman,0,Euros,1,0.75
Siguiente,A1V6B98VMTBSFS,Spanish,5,5,5,3,4,2,4,2,5,1,1,1,1,1,1,1,1,1,1,4,3,5,5,4,4,5,4,4,4,4,4,C,0,,,,,,,N/A,N/A,N/A,N/A,N/A,N/A,None,14 to 16 years,33,Man,13000,Euros,1,13579
Siguiente,A3PMVS040I35OO,Spanish,4,4,3,4,2,4,5,2,5,1,1,1,1,1,1,1,1,1,1,4,5,3,3,1,4,2,3,1,1,2,1,D,0,,,,,,0,N/A,N/A,N/A,N/A,N/A,N/A,None,Less than 5 years,23,Man,,Euros,3,12345678
Siguiente,ARQLZMYCYEXB1,Spanish,2,1,1,1,2,4,5,3,4,3,1,2,2,5,3,4,2,2,2,1,5,2,4,4,3,5,3,4,4,4,4,D,1,3,,,,,,N/A,N/A,N/A,N/A,N/A,N/A,None,5 to 8 years,24,Woman,20000,Euros,1,3951
Siguiente,A1XQABJ8YRI60R,Spanish,1,1,1,1,1,4,4,2,5,1,1,1,1,1,1,1,1,1,1,1,3,5,4,4,4,4,3,4,4,4,4,D,2,13,8,,,,,N/A,N/A,N/A,N/A,N/A,N/A,Bailar,More than 16 years,41,Woman,30000,Euros,3,2323
Siguiente,A1HRLA09SDAMUI,Spanish,5,4,3,3,2,2,3,4,5,4,1,2,2,1,1,1,1,1,1,1,4,3,4,1,1,3,3,4,3,3,3,D,0,,,,,,,N/A,N/A,N/A,N/A,N/A,N/A,None,More than 16 years,24,Woman,0,Euros,1,10049195
Siguiente,A3TIZDM97L9KND,Spanish,4,4,4,2,2,3,3,3,3,4,1,1,1,1,1,1,1,1,1,4,3,3,4,3,3,4,3,5,4,4,3,D,2,8,6,,,,,N/A,N/A,N/A,N/A,N/A,N/A,None,14 to 16 years,47,Man,6000,Euros,3,1234
Siguiente,AZPY67J0ENDAX,Spanish,3,5,4,2,3,3,4,5,4,1,1,1,1,1,1,1,1,1,1,4,4,2,1,2,4,4,5,5,5,3,4,D,0,0,,,,,,N/A,N/A,N/A,N/A,N/A,N/A,None,More than 16 years,18,Man,12000,Euros,2,AZPY67J0ENDAX
Siguiente,A9FPRYV5S95UA,Spanish,4,4,1,2,2,4,4,1,4,1,1,1,1,1,1,1,1,1,1,1,5,5,4,1,5,4,1,2,4,4,4,D,1,11,,,,,,N/A,N/A,N/A,N/A,N/A,N/A,None,5 to 8 years,48,Woman,20000,Euros,1,A9FPRYV5S95UA
Siguiente,A2NFEQPV0CXR8G,Spanish,3,4,1,1,2,3,4,4,2,1,1,1,1,1,1,1,1,1,1,1,4,5,4,5,3,5,3,4,4,4,4,B,1,5,,,,,,N/A,N/A,N/A,N/A,N/A,N/A,None,9 to 12 years,29,Man,15000,Euros,2,2020
Siguiente,A1X9N2RASTELY6,Spanish,4,3,4,1,4,4,4,2,2,4,3,3,2,3,3,4,3,3,3,4,5,4,4,4,4,5,2,5,5,1,2,E,0,0,,,,,,N/A,N/A,N/A,N/A,N/A,N/A,Pintura,Less than 5 years,34,Woman,12000,Euros,2,A1X9N2RASTELY6
Siguiente,ACW9Q4XP6B9WL,Spanish,5,5,5,3,3,5,5,4,3,1,1,1,1,1,1,1,1,1,1,1,5,3,1,1,3,4,2,5,4,5,4,B,3,17,5,1,,,,N/A,N/A,N/A,N/A,N/A,N/A,None,More than 16 years,37,Man,32000,Euros,1,12345
Siguiente,A1FSWND6XJDYZA,Spanish,4,4,5,2,3,3,4,3,3,4,2,2,2,2,3,2,2,2,2,3,5,4,4,4,4,5,3,4,3,4,3,C,0,,,,,,,N/A,N/A,N/A,N/A,N/A,N/A,None,More than 16 years,29,Man,1200,Euros,1,987654321
,A3UHSBF5UN4GKH,Spanish,2,1,2,1,1,4,4,4,4,1,1,1,1,1,1,1,1,1,1,4,5,5,1,1,3,1,1,4,5,2,5,D,0,,,,,,,N/A,N/A,N/A,N/A,N/A,N/A,None,9 to 12 years,23,Man,12000,Euros,2,57328
Siguiente,A34TJSS1T1F7L,Spanish,5,5,5,2,1,1,4,4,4,1,1,4,1,1,1,1,1,1,1,5,5,4,2,1,3,2,5,1,3,1,4,C,0,,,,,,,N/A,N/A,N/A,N/A,N/A,N/A,None,9 to 12 years,18,Man,0,Euros,1,9876
Siguiente,A1YNGC8II9Z40M,Spanish,2,1,2,1,1,5,4,4,4,1,1,1,1,1,1,1,1,1,1,5,5,5,4,1,4,4,2,4,2,2,2,D,2,4,1,,,,,N/A,N/A,N/A,N/A,N/A,N/A,None,14 to 16 years,37,Man,42000,Euros,5,12345
Siguiente,AJBD2GPMBBJND,Spanish,3,4,4,4,4,4,4,3,4,3,2,2,2,2,3,2,1,1,1,2,4,4,3,4,4,4,3,3,3,1,3,B,2,4,2,,,,,N/A,N/A,N/A,N/A,N/A,N/A,None,12 to 14 years,30,Man,40000,Euros,2,123456
Siguiente,A1MHMK1Y2V9A1,Spanish,5,5,5,3,3,4,4,4,2,1,1,1,3,1,2,1,1,1,1,1,4,2,4,3,3,4,2,4,3,3,3,B,2,14,9,,,,,N/A,N/A,N/A,N/A,N/A,N/A,None,More than 16 years,45,Man,50,Euros,4,634951922
Siguiente,A2BOINMNKGNG6Y,Spanish,2,2,1,1,5,4,4,3,2,1,1,1,1,1,1,1,1,1,1,4,3,3,2,1,4,4,3,3,3,4,2,C,1,2,,,,,,N/A,N/A,N/A,N/A,N/A,N/A,None,14 to 16 years,43,Woman,55000,Euros,3,123
Siguiente,AF4F4G26BPSRY,Spanish,5,4,4,3,3,4,4,4,4,1,1,1,1,1,1,1,1,1,1,5,5,3,2,1,4,4,2,4,3,3,2,D,2,13,7,,,,,N/A,N/A,N/A,N/A,N/A,N/A,None,14 to 16 years,44,Woman,8000,Euros,3,123456
Siguiente,AEIRTUFWXVME4,Spanish,4,2,2,1,1,4,4,4,2,1,1,1,1,1,1,1,1,1,1,5,5,2,1,1,4,3,3,4,4,4,5,D,0,0,,,,,,N/A,N/A,N/A,N/A,N/A,N/A,None,More than 16 years,26,Man,,Euros,1,12345
Siguiente,AE9M932HMHSG2,Spanish,5,3,2,2,3,3,3,3,4,2,2,2,2,2,2,2,2,2,2,2,4,5,3,1,3,4,2,4,4,3,3,A,0,,,,,,,N/A,N/A,N/A,N/A,N/A,N/A,None,5 to 8 years,25,Woman,70000,Euros,1,144114
Siguiente,A24JPW2MVIPXY2,Spanish,5,4,4,1,1,5,5,5,2,1,2,4,4,4,1,1,1,1,1,1,5,5,4,4,5,5,1,5,5,5,5,D,0,,,,,,,N/A,N/A,N/A,N/A,N/A,N/A,None,12 to 14 years,47,Man,24000,Euros,2,1313
Siguiente,A28X46RLXSUB0E,Spanish,1,2,2,5,4,2,3,4,1,4,5,5,2,5,5,4,4,1,1,5,5,1,4,1,5,5,2,5,5,5,5,B,0,0,,,,,,N/A,N/A,N/A,N/A,N/A,N/A,Montar en patineta,Less than 5 years,26,Man,20000,Euros,2,A28X46RLXSUB0E
Siguiente,A2C10G3S9FTA1X,Spanish,5,2,2,1,1,4,5,4,5,1,1,1,1,1,1,1,1,1,1,5,5,1,1,1,3,5,1,5,5,4,4,A,0,0,0,0,0,0,0,N/A,N/A,N/A,N/A,N/A,N/A,None,More than 16 years,24,Man,0,Euros,1,123654789
Siguiente,A128G30YQ1GR29,Spanish,2,2,2,3,2,5,5,2,5,1,1,1,2,3,1,1,1,1,2,1,3,3,2,4,2,4,4,4,4,5,2,B,1,2,,,,,,N/A,N/A,N/A,N/A,N/A,N/A,None,14 to 16 years,27,Woman,12000,Euros,3,123456
Siguiente,A3OS98JML0G65O,Spanish,3,5,5,3,5,3,3,1,5,5,3,1,1,1,3,3,3,3,4,5,5,3,3,3,3,3,4,4,4,4,3,B,0,,,,,,,N/A,N/A,N/A,N/A,N/A,N/A,Bailar,More than 16 years,26,Man,23000,Euros,1,1234
Siguiente,A1DI0C5DUCE3LH,Spanish,2,1,1,2,2,4,4,4,4,1,1,1,1,1,1,1,1,1,1,5,5,5,2,1,5,4,4,4,2,4,1,D,0,,,,,,,N/A,N/A,N/A,N/A,N/A,N/A,None,More than 16 years,31,Man,12000,Euros,1,A1DI0C5DUCE3LH
Siguiente,A2DG2J70APN2BD,Spanish,4,4,2,1,2,4,4,1,4,1,1,1,1,1,1,1,1,1,1,5,5,5,2,2,2,4,2,4,2,4,3,D,1,18,,,,,,N/A,N/A,N/A,N/A,N/A,N/A,None,More than 16 years,53,Woman,60000,Euros,3,9243
Siguiente,A2LQGFJ4I8B9VU,Spanish,2,1,2,4,2,2,2,5,5,5,1,1,1,1,1,1,1,1,1,5,5,5,4,4,4,4,4,2,4,4,4,D,1,2,,,,,,N/A,N/A,N/A,N/A,N/A,N/A,None,More than 16 years,21,Woman,40000,Euros,2,A2LQGFJ4I8B9VU
Siguiente,A3HQ40VZG2NCK9,Spanish,4,1,1,1,1,4,4,2,4,2,1,1,1,1,1,1,1,1,1,2,5,1,3,3,4,3,1,4,4,4,4,C,0,,,,,,,N/A,N/A,N/A,N/A,N/A,N/A,None,More than 16 years,41,Man,3000,Euros,1,1234
Siguiente,A37O52DW7L4LAF,Spanish,4,2,2,2,2,4,4,2,2,1,1,1,1,1,1,1,1,1,1,4,5,4,1,1,2,4,2,4,2,2,4,C,0,,,,,,,N/A,N/A,N/A,N/A,N/A,N/A,None,More than 16 years,22,Man,5000,Euros,1,32457
Siguiente,A1EGQAMPW9N5FT,Spanish,5,2,2,4,4,4,4,2,2,1,1,1,1,1,1,1,1,1,1,1,5,4,2,4,4,3,3,4,4,5,4,C,0,0,,,,,,N/A,N/A,N/A,N/A,N/A,N/A,None,14 to 16 years,27,Woman,300,Euros,1,4568341
Siguiente,A33PLI5U40F2G8,Spanish,4,2,1,4,3,5,5,5,2,4,1,2,1,1,1,2,4,4,1,1,5,5,1,2,5,2,3,1,1,1,2,A,0,,,,,,,N/A,N/A,N/A,N/A,N/A,N/A,None,More than 16 years,27,Man,10000,Euros,1,131917
Siguiente,ABG5XQTU7PE4M,Spanish,4,1,1,1,1,2,5,5,5,1,1,1,1,1,1,1,1,1,1,5,5,5,1,1,1,2,2,4,1,1,1,E,2,13,10,,,,,N/A,N/A,N/A,N/A,N/A,N/A,Fijación de la electrónica,More than 16 years,51,Man,96000,Euros,3,83459
Siguiente,A1ZWD8TQ4IWZ18,Spanish,4,4,4,2,4,4,4,2,5,1,1,1,1,1,1,1,1,1,1,5,5,5,2,2,4,4,5,2,4,1,1,C,0,0,0,0,0,0,0,N/A,N/A,N/A,N/A,N/A,N/A,None,More than 16 years,22,Man,12000,Euros,1,1997
Siguiente,A2OCCC9NIHLA2D,Spanish,1,2,3,2,2,3,4,3,3,1,1,1,1,1,1,1,1,1,1,2,4,4,1,1,3,2,1,4,4,4,4,C,2,2,2,,,,,N/A,N/A,N/A,N/A,N/A,N/A,None,More than 16 years,32,Woman,24000,Euros,2,150
Siguiente,A1V794WQB8Q16T,Spanish,4,3,3,2,4,2,3,2,4,1,1,1,1,1,1,1,1,1,1,1,3,3,2,2,2,2,2,3,3,3,3,C,2,6,2,,,,,N/A,N/A,N/A,N/A,N/A,N/A,None,More than 16 years,39,Man,15000,Euros,4,1234
Siguiente,https://www.surveymonkey.com/r/5SLBQ53,Spanish,4,4,4,2,4,4,2,2,4,4,5,1,2,2,2,4,4,2,5,4,2,4,2,4,2,4,3,2,5,5,3,B,0,,,,,,,N/A,N/A,N/A,N/A,N/A,N/A,Fijación de la electrónica,Less than 5 years,21,Man,9000,Euros,1,1000
Siguiente,A3PT308I681AY3,Spanish,5,4,4,3,3,4,4,5,3,1,1,1,1,1,1,1,1,1,1,4,4,2,2,1,3,3,2,4,4,3,3,D,2,8,2,,,,,N/A,N/A,N/A,N/A,N/A,N/A,None,More than 16 years,43,Woman,,Euros,4,20876
Siguiente,A3V4KFVI2TJ9ON,Spanish,3,2,2,1,1,4,4,4,2,3,3,1,3,3,3,3,3,3,2,2,4,2,4,4,4,3,3,4,4,4,4,A,2,8,5,,,,,N/A,N/A,N/A,N/A,N/A,N/A,None,More than 16 years,39,Man,21000,Euros,1,123456
Siguiente,A23PVEOKHNM2E6,Spanish,1,4,4,4,4,5,5,4,5,1,4,1,1,1,1,1,1,1,1,5,5,5,4,4,2,2,1,2,1,1,1,B,0,,,,,,,N/A,N/A,N/A,N/A,N/A,N/A,None,More than 16 years,35,Woman,,Euros,1,1236
Siguiente,A2UZZDFTORW2B2,Spanish,5,5,5,4,4,4,4,4,5,2,1,1,2,1,1,1,1,1,1,5,4,5,3,2,2,3,4,5,4,4,2,D,0,,,,,,,N/A,N/A,N/A,N/A,N/A,N/A,None,More than 16 years,29,Woman,18000,Euros,1,2664
Siguiente,A23VNOKBB4WDER,Spanish,5,4,4,3,3,4,5,2,2,1,1,1,1,1,1,1,1,1,1,3,4,3,4,1,2,2,3,3,3,3,3,C,0,0,,,,,,N/A,N/A,N/A,N/A,N/A,N/A,None,More than 16 years,28,Man,30000,Euros,1,4 8 15 16 23 42
Siguiente,COPIEDAQQ2XVY5VJEOK,Spanish,4,1,1,2,3,3,4,3,2,2,1,1,2,1,3,1,1,1,1,3,3,2,3,1,3,3,3,1,1,3,3,D,0,,,,,,,N/A,N/A,N/A,N/A,N/A,N/A,None,12 to 14 years,18,Woman,0,Euros,1,333777
Siguiente,A51FWOEG9TFJU,Spanish,4,2,2,2,5,5,5,4,2,1,1,1,1,1,1,1,1,1,1,1,5,1,2,2,5,4,1,5,5,5,5,D,0,0,,,,,,N/A,N/A,N/A,N/A,N/A,N/A,None,More than 16 years,19,Woman,0,Euros,1,1234
Siguiente,A2AX0VCAL8BBVL,Spanish,5,5,2,1,1,2,4,3,4,3,1,1,1,1,1,1,1,1,1,1,5,4,1,1,3,3,1,4,4,4,4,C,0,0,0,0,0,0,0,N/A,N/A,N/A,N/A,N/A,N/A,None,More than 16 years,29,Woman,6000,Euros,1,8757
Siguiente,A1F6V7TX15M20H,Spanish,2,4,2,3,4,3,4,2,5,2,5,4,1,3,4,2,4,1,5,2,5,2,5,4,4,3,5,4,2,4,2,E,0,0,0,0,0,0,0,N/A,N/A,N/A,N/A,N/A,N/A,Bailar,12 to 14 years,19,Man,1000,Euros,1,123456
,A17KP3D4WI62YL,Spanish,2,2,3,1,4,4,4,4,3,3,1,1,1,1,1,1,1,1,1,1,4,4,5,4,3,5,1,3,3,3,3,B,0,,,,,,,N/A,N/A,N/A,N/A,N/A,N/A,None,9 to 12 years,27,Man,20000,Euros,2,20202020
Siguiente,ASI3NDWR5U3TB,Spanish,3,3,4,3,4,4,3,2,4,4,2,1,5,1,1,1,1,1,1,5,5,2,3,5,3,4,1,2,2,2,3,C,2,20,14,,,,,N/A,N/A,N/A,N/A,N/A,N/A,None,More than 16 years,33,Woman,0,Euros,2,987321
Siguiente,A2CG79K19TFVN7,Spanish,5,5,5,1,4,1,1,1,5,1,1,1,1,1,1,1,1,1,1,5,5,5,1,1,1,1,5,2,1,2,1,A,2,3,1,,,,,N/A,N/A,N/A,N/A,N/A,N/A,None,More than 16 years,332,Woman,20300,Euros,4,1.55E+18
Siguiente,ABG96B80KDUUT,Spanish,5,5,5,2,3,2,2,2,4,4,2,1,4,4,4,4,2,2,1,1,4,4,4,2,4,4,2,2,2,2,2,C,0,,,,,,,N/A,N/A,N/A,N/A,N/A,N/A,None,More than 16 years,30,Woman,28000,Euros,1,333
Siguiente,A2RKD1F02LEJ3E,Spanish,2,1,4,4,5,3,5,2,2,1,1,4,,1,1,1,1,1,1,4,5,2,4,1,4,5,1,4,4,5,4,D,2,3,1,,,,,N/A,N/A,N/A,N/A,N/A,N/A,None,More than 16 years,27,Man,46000,Euros,3,406840
Siguiente,ARQPXPBJUGGSQ,Spanish,4,4,4,5,3,4,1,4,2,1,1,1,1,1,1,1,1,1,1,4,2,4,1,1,4,4,4,1,1,3,2,C,0,,,,,,,N/A,N/A,N/A,N/A,N/A,N/A,None,12 to 14 years,22,Man,0,Euros,1,220697
Siguiente,ANTZQOR0WOQ2O,Spanish,1,1,2,2,3,5,5,5,1,1,1,1,1,1,1,1,1,1,1,1,4,1,3,1,4,1,1,3,3,2,4,D,2,17,15,,,,,N/A,N/A,N/A,N/A,N/A,N/A,None,More than 16 years,48,Man,50000,Euros,2,123456
Siguiente,A3IJ04HM1L6MS0,Spanish,4,4,4,2,2,4,4,1,2,1,1,1,1,1,1,1,1,1,1,4,4,2,1,1,4,4,2,4,4,4,4,A,0,,,,,,,N/A,N/A,N/A,N/A,N/A,N/A,None,More than 16 years,27,Man,15000,Euros,1,661944
Siguiente,ABZJDEV1W543M,Spanish,4,3,2,1,2,5,3,4,2,1,1,1,1,1,1,1,1,1,1,1,5,2,5,5,4,4,2,4,4,4,4,B,0,1,,,,,,N/A,N/A,N/A,N/A,N/A,N/A,None,12 to 14 years,27,Man,880,Euros,2,1992132
Siguiente,A1GGHUSN9KHZ7B,Spanish,3,2,2,3,3,4,3,1,5,1,1,1,1,1,1,1,1,1,1,5,3,3,1,2,4,4,4,4,2,4,2,A,0,,,,,,,N/A,N/A,N/A,N/A,N/A,N/A,None,More than 16 years,45,Man,30000,Euros,1,1.22E+17
Siguiente,A1Z91104G6CPFU,Spanish,5,4,2,2,4,4,4,2,4,1,1,1,1,1,1,1,1,1,1,1,4,4,1,1,2,4,4,4,4,2,4,C,0,,,,,,,N/A,N/A,N/A,N/A,N/A,N/A,Fijación de la electrónica,,27,Man,36000,Euros,1,A1Z91104G6CPFU
Siguiente,A27TK4BBDCYC2I,Spanish,5,2,1,4,4,4,5,2,4,3,1,1,2,1,2,1,2,1,1,2,1,2,3,1,2,2,1,2,2,3,2,D,0,,,,,,,N/A,N/A,N/A,N/A,N/A,N/A,None,14 to 16 years,31,Man,5000,Euros,1,A27TK4BBDCYC2I
Siguiente,A4U3ZRT52A1OZ,Spanish,4,4,4,2,2,4,4,2,4,4,2,1,2,1,1,1,1,1,1,4,4,2,4,3,4,3,2,4,2,4,2,D,1,15,,,,,,N/A,N/A,N/A,N/A,N/A,N/A,None,More than 16 years,41,Woman,3000,Euros,1,
Siguiente,A2AAPD31CJH2C,Spanish,4,4,1,2,2,5,5,1,3,1,1,1,1,1,1,1,1,1,1,5,5,4,1,1,4,2,2,3,2,4,2,C,0,,,,,,,N/A,N/A,N/A,N/A,N/A,N/A,None,More than 16 years,21,Man,120000,Euros,4,1100203
Siguiente,AZX6D33D9PHGA,Spanish,3,2,1,1,3,2,3,3,3,4,1,1,1,1,1,1,1,1,1,1,3,3,2,1,4,4,1,4,4,4,4,C,0,,,,,,,N/A,N/A,N/A,N/A,N/A,N/A,None,More than 16 years,37,Man,0,Euros,1,123456789
Siguiente,A3V61LAPMNIID3,Spanish,3,2,2,4,3,4,5,1,5,1,1,1,1,1,1,1,1,1,1,5,5,1,4,1,2,5,4,4,2,2,2,E,0,0,,,,,,N/A,N/A,N/A,N/A,N/A,N/A,None,Less than 5 years,24,Man,28000,Euros,1,23234
Siguiente,ABFEP963GG9Q5,Spanish,5,5,5,1,1,4,5,4,4,1,1,1,1,1,1,1,1,1,1,5,5,1,4,1,1,5,3,4,4,4,4,B,1,28,,,,,,N/A,N/A,N/A,N/A,N/A,N/A,None,12 to 14 years,50,Woman,8000,Euros,4,ABFEP963GG9Q5
Siguiente,A2MLB4TSIH2IEN,Spanish,4,4,2,2,3,3,4,2,2,4,1,1,4,1,1,1,1,1,1,1,5,2,2,2,4,4,2,4,4,4,4,D,1,12,,,,,,N/A,N/A,N/A,N/A,N/A,N/A,None,More than 16 years,38,Man,15000,Euros,4,8.33E+12
Siguiente,A11XRLKR5TWYTJ,Spanish,5,4,4,2,2,3,4,4,4,1,1,2,1,1,2,1,1,1,2,4,5,4,2,3,4,4,3,4,3,3,3,A,1,6,,,,,,N/A,N/A,N/A,N/A,N/A,N/A,None,More than 16 years,38,Man,24000,Euros,1,2468
Siguiente,A2KWNU6AERN3TG,Spanish,5,4,5,3,3,5,4,1,4,1,1,1,1,1,1,1,1,1,1,4,5,4,2,1,3,5,1,3,4,2,4,C,0,,,,,,,N/A,N/A,N/A,N/A,N/A,N/A,None,More than 16 years,20,Man,42000,Euros,1,12345
Siguiente,A2D7A6F2HQV5C9,Spanish,2,1,1,1,1,4,4,5,1,1,1,1,1,1,1,1,1,1,1,1,5,5,1,1,4,5,1,4,2,2,1,C,0,,,,,,,N/A,N/A,N/A,N/A,N/A,N/A,None,More than 16 years,20,Man,3000,Euros,1,261368
Siguiente,A28G581126TLSR,Spanish,5,4,5,3,2,4,5,4,5,1,1,1,1,1,1,1,1,1,1,1,5,4,4,3,5,5,2,3,4,4,4,D,2,7,4,,,,,N/A,N/A,N/A,N/A,N/A,N/A,None,More than 16 years,48,Man,30000,Euros,4,29132913
Siguiente,A13ZUNHV1RARI3,Spanish,4,3,4,2,4,3,2,2,4,2,2,1,1,1,1,1,1,1,1,4,4,3,3,2,2,2,2,3,3,3,3,C,0,,,,,,,N/A,N/A,N/A,N/A,N/A,N/A,None,More than 16 years,26,Man,10000,Euros,2,1890
,AP7XR5WICAWZF,Spanish,3,3,3,3,1,5,3,3,5,1,1,1,1,1,1,1,1,1,1,2,3,3,3,2,3,3,2,3,3,3,3,B,0,,,,,,,N/A,N/A,N/A,N/A,N/A,N/A,None,9 to 12 years,30,Man,500,Euros,1,198923
Siguiente,A2MDR39BVX4P9K,Spanish,5,2,2,2,2,4,4,4,4,1,1,2,4,1,1,1,1,1,4,5,5,3,4,1,4,4,4,4,2,4,2,B,2,21,11,,,,,N/A,N/A,N/A,N/A,N/A,N/A,None,More than 16 years,48,Woman,15000,Euros,4,124756
Siguiente,A1Q7P3V8127WR,Spanish,4,4,4,4,3,3,3,4,3,1,1,1,2,1,1,1,1,1,1,1,1,4,3,3,3,2,2,3,2,2,4,B,2,15,19,,,,,N/A,N/A,N/A,N/A,N/A,N/A,Jardinería,More than 16 years,42,Man,60000,Euros,2,4433221100
Siguiente,A2U9VCJAP7ITF4,Spanish,3,1,1,2,4,4,4,2,2,5,2,1,4,5,3,1,2,1,1,5,5,4,3,3,4,4,3,4,4,4,3,B,5,27,26,22,15,13,,N/A,N/A,N/A,N/A,N/A,N/A,None,More than 16 years,50,Woman,40000,Euros,4,A2U9VCJAP7ITF4
Siguiente,A1HTE7S3S6OWNA,Spanish,4,4,4,2,2,4,4,4,1,1,1,1,1,1,1,1,1,1,1,1,5,4,3,3,4,4,1,4,4,4,4,C,2,11,7,,,,,N/A,N/A,N/A,N/A,N/A,N/A,None,More than 16 years,45,Man,50000,Euros,3,1.12E+11
Siguiente,A1KNI77BZBG2MH,Spanish,5,3,3,1,2,5,5,5,2,2,1,1,2,1,1,1,1,1,1,5,5,1,3,2,4,4,3,4,4,4,4,D,0,,,,,,,N/A,N/A,N/A,N/A,N/A,N/A,None,12 to 14 years,31,Man,16800,Euros,1,135790
Siguiente,A2WT8XQDXUK9DG,Spanish,5,4,2,2,3,4,4,2,5,1,1,1,1,1,1,1,1,1,1,4,5,4,4,1,4,5,2,3,4,3,4,D,0,,,,,,,N/A,N/A,N/A,N/A,N/A,N/A,None,More than 16 years,23,Woman,2000,Euros,1,123456789
Siguiente,A2LNJELGZ9NJXC,Spanish,5,5,5,3,1,4,4,4,5,4,4,2,5,2,5,2,2,5,5,5,2,5,5,2,5,5,2,5,5,5,2,D,0,0,0,0,0,0,0,N/A,N/A,N/A,N/A,N/A,N/A,Jardinería,Less than 5 years,27,Man,0,Euros,1,0
Siguiente,ANEHD7D8KJ5BG,Spanish,5,4,3,4,4,5,5,4,5,4,4,3,2,1,1,1,1,1,1,5,4,2,3,4,4,3,4,3,3,3,2,C,0,,,,,,,N/A,N/A,N/A,N/A,N/A,N/A,None,Less than 5 years,19,Man,10000,Euros,1,ANEHD7D8KJ5BG
Siguiente,A1UPDPVD497BLG,Spanish,2,2,2,3,2,4,5,4,4,4,2,2,2,2,2,2,1,1,4,5,5,4,4,4,2,3,1,4,4,4,4,D,0,,,,,,,N/A,N/A,N/A,N/A,N/A,N/A,None,More than 16 years,23,Man,2000,Euros,1,9876
Siguiente,A2KRSJS0PRZNVC,Spanish,1,2,2,1,4,4,5,5,5,1,1,1,1,1,1,1,1,1,1,1,1,5,4,1,4,2,1,4,2,4,3,D,0,,,,,,,N/A,N/A,N/A,N/A,N/A,N/A,None,More than 16 years,24,Woman,1000,Euros,1,960205
Siguiente,A1X4R1FYXI6KC6,Spanish,4,3,1,1,1,5,5,3,5,1,1,1,1,1,1,1,1,1,1,3,5,4,3,1,5,5,3,3,2,3,2,A,0,,,,,,,N/A,N/A,N/A,N/A,N/A,N/A,None,12 to 14 years,31,Man,20000,Euros,1,A1X4R1FYXI6KC6
Siguiente,AKYNFKISQPIBV,Spanish,5,5,5,4,4,4,4,2,5,3,1,1,1,1,1,1,1,1,1,3,3,4,2,1,2,5,1,3,3,3,3,B,2,14,10,,,,,N/A,N/A,N/A,N/A,N/A,N/A,None,5 to 8 years,46,Man,30000,Euros,2,AKYNFKISQPIBV
Siguiente,A27ERO97G61M54,Spanish,5,3,4,3,4,4,5,4,4,3,1,1,1,1,1,1,1,1,1,4,5,5,4,1,4,4,1,3,3,2,1,A,0,,,,,,,N/A,N/A,N/A,N/A,N/A,N/A,None,14 to 16 years,29,Man,0,Euros,2,12345
Siguiente,A16FX2ISNQCEXX,Spanish,3,1,2,1,3,3,4,2,4,1,1,1,1,1,1,1,1,1,1,5,4,2,1,1,4,5,1,5,5,5,5,C,0,0,,,,,,N/A,N/A,N/A,N/A,N/A,N/A,None,More than 16 years,22,Man,0,Euros,1,256434
Siguiente,A1XJDW0C7Q78I2,Spanish,5,4,4,1,1,4,5,1,5,1,1,1,1,1,1,1,1,1,1,5,5,3,1,1,4,4,3,4,4,4,2,D,0,0,0,0,0,0,0,N/A,N/A,N/A,N/A,N/A,N/A,None,14 to 16 years,37,Woman,10000,Euros,1,324
,AHH7KSNQHV0RW,Spanish,1,1,1,1,1,5,5,3,3,1,1,1,1,1,1,1,1,1,1,1,5,5,4,4,5,5,1,1,3,1,1,D,0,,,,,,,N/A,N/A,N/A,N/A,N/A,N/A,None,14 to 16 years,29,Woman,18000,Euros,1,634984
,A2AHBO2269HRJT,Spanish,5,3,4,2,2,4,5,2,4,1,2,4,1,1,1,1,1,1,1,4,5,2,2,3,4,2,3,4,4,4,3,A,0,,,,,,,N/A,N/A,N/A,N/A,N/A,N/A,None,More than 16 years,30,Man,28000,Euros,1,56672346545
Siguiente,A1PJH63TEUQTZH,Spanish,4,2,1,4,5,4,5,2,5,4,2,4,5,2,2,2,4,2,4,5,5,5,4,2,2,4,4,1,1,1,1,C,0,0,,,,,,N/A,N/A,N/A,N/A,N/A,N/A,None,More than 16 years,27,Woman,1800,Euros,1,76538495763
,ASW8M4F98R3R6,Spanish,4,4,4,1,2,4,4,4,5,1,1,1,1,1,1,1,1,1,1,1,5,4,3,3,4,4,1,5,2,4,4,C,0,,,,,,,N/A,N/A,N/A,N/A,N/A,N/A,Pintura,More than 16 years,43,Woman,15000,Euros,2,2310
Siguiente,A18T6RG7R5NBIT,Spanish,4,4,3,1,1,3,4,2,4,1,1,1,1,1,1,1,1,1,1,2,5,3,4,2,4,5,2,3,2,4,1,D,0,,,,,,,N/A,N/A,N/A,N/A,N/A,N/A,None,More than 16 years,20,Man,500,Euros,1,1.11E+14
Siguiente,A6LOZCTCAGT26,Spanish,5,3,4,4,3,5,3,2,2,4,2,1,4,1,4,1,1,1,1,1,5,4,5,3,4,4,2,3,3,4,3,B,0,,,,,,,N/A,N/A,N/A,N/A,N/A,N/A,None,12 to 14 years,18,Man,30000,Euros,3,400400
Siguiente,AT250KILHJMZP,Spanish,4,2,2,1,2,4,4,4,2,4,2,2,4,4,4,4,4,4,2,4,4,2,4,2,4,4,4,4,4,4,4,C,1,20,,,,,,N/A,N/A,N/A,N/A,N/A,N/A,None,More than 16 years,52,Woman,12000,Euros,2,12345
Siguiente,A3VOYHT988Z5VZ,Spanish,1,1,1,4,5,5,4,1,4,4,2,3,4,4,4,4,3,4,2,5,5,2,5,4,4,5,1,4,4,4,2,B,1,2,,,,,,N/A,N/A,N/A,N/A,N/A,N/A,None,14 to 16 years,25,Woman,,Euros,1,A3VOYHT988Z5VZ
Siguiente,A3EHE32S5AS1I1,Spanish,3,2,2,3,3,3,3,2,4,1,1,2,1,1,1,1,1,1,1,2,4,4,1,1,4,4,4,4,4,4,2,D,0,,,,,,,N/A,N/A,N/A,N/A,N/A,N/A,None,More than 16 years,30,Man,26000,Euros,1,A3EHE32S5AS1I1
Siguiente,A3B2C7R3OO2G9E,Spanish,5,5,4,4,4,4,4,1,2,1,1,1,1,1,1,1,1,1,1,4,5,2,1,1,4,1,4,1,1,4,4,C,0,0,,,,,,N/A,N/A,N/A,N/A,N/A,N/A,None,14 to 16 years,19,Man,40000,Euros,3,123456
Siguiente,A14YT4Q8ZT8GYJ,Spanish,5,4,3,1,2,4,5,2,2,1,1,1,1,1,1,1,1,1,1,5,5,3,1,1,5,4,4,3,2,4,3,B,0,,,,,,,N/A,N/A,N/A,N/A,N/A,N/A,None,More than 16 years,28,Man,12000,Euros,1,36194246
Siguiente,A2EFCNGCEO5GFX,Spanish,5,4,4,1,1,4,4,4,1,1,1,1,1,1,1,1,1,1,1,1,5,4,2,1,4,4,4,4,4,4,4,D,0,,,,,,,N/A,N/A,N/A,N/A,N/A,N/A,None,9 to 12 years,38,Man,20000,Euros,2,2468
Siguiente,A3PBRIKY94OG07,Spanish,2,2,2,4,4,4,4,4,5,1,1,1,1,1,1,1,1,1,1,4,5,5,2,1,2,4,5,4,3,1,1,D,0,0,0,0,0,0,0,N/A,N/A,N/A,N/A,N/A,N/A,None,More than 16 years,31,Woman,3000,Euros,1,4567
Siguiente,A3RW7Q2HM1SBDD,Spanish,2,,,2,2,2,,,3,,3,2,,3,3,1,2,2,3,2,1,3,4,2,4,3,4,2,4,3,2,C,1,6,,,,,,N/A,N/A,N/A,N/A,N/A,N/A,Fijación de la electrónica,12 to 14 years,38,Man,62616,Euros,4,62687
Siguiente,A3PEMJD01MYLVI,Spanish,5,4,3,4,4,5,5,4,3,1,1,1,1,1,1,1,1,1,1,4,4,5,4,4,4,4,4,2,4,2,4,A,0,0,,,,,,N/A,N/A,N/A,N/A,N/A,N/A,None,More than 16 years,22,Man,24000,Euros,3,34213
Siguiente,A344SC55CM56KN,Spanish,5,5,5,2,3,5,5,2,4,1,1,1,1,1,1,1,1,1,1,5,5,2,4,1,2,5,2,5,5,4,4,C,0,,,,,,,N/A,N/A,N/A,N/A,N/A,N/A,None,5 to 8 years,35,Man,35000,Euros,2,4543565445
Siguiente,A23UG0BLOHWCTT,Spanish,5,3,1,1,5,5,5,4,3,1,1,1,1,1,1,1,1,1,1,4,4,3,1,1,2,1,3,1,1,1,1,D,0,,,,,,,N/A,N/A,N/A,N/A,N/A,N/A,None,More than 16 years,28,Man,5000,Euros,1,911013
Siguiente,A1FVET7OJ8A9ON,Spanish,5,5,4,1,1,4,5,4,5,4,1,1,4,4,5,5,5,5,5,5,5,4,4,4,5,5,1,5,2,5,2,C,1,5,,,,,,N/A,N/A,N/A,N/A,N/A,N/A,None,9 to 12 years,42,Man,0,Euros,2,171019
Siguiente,A221IAY7IH5R9N,Spanish,2,2,4,4,3,2,4,5,2,2,1,1,1,1,1,1,1,1,1,2,2,3,2,3,4,3,4,4,4,3,3,B,0,0,,,,,,N/A,N/A,N/A,N/A,N/A,N/A,None,12 to 14 years,26,Man,5000,Euros,1,1
Siguiente,AKPLFCDUFZXBG,Spanish,5,2,4,3,4,2,4,2,4,1,1,1,2,1,1,1,1,1,1,1,5,4,2,1,1,1,2,1,2,2,4,D,0,0,,,,,,N/A,N/A,N/A,N/A,N/A,N/A,None,More than 16 years,20,Woman,0,Euros,4,1306
Siguiente,A11QI3DSDPOUOS,Spanish,4,4,4,4,3,4,4,2,3,3,3,2,2,2,1,1,1,1,1,3,4,3,4,4,4,4,3,4,4,4,4,,0,,,,,,,N/A,N/A,N/A,N/A,N/A,N/A,None,More than 16 years,35,Woman,30000,Euros,2,162636
Siguiente,A3QCY8FON5VL6N,Spanish,5,5,5,4,3,3,2,2,5,1,1,1,1,1,1,1,1,1,1,4,4,2,1,1,4,2,2,4,3,4,4,B,0,0,0,0,0,0,0,N/A,N/A,N/A,N/A,N/A,N/A,None,12 to 14 years,49,Man,20000,Euros,1,333777
Siguiente,A2E41EVIXOL4RF,Spanish,4,3,4,4,2,4,4,1,5,2,1,4,4,3,4,3,4,3,1,5,5,4,4,1,5,4,4,4,4,4,4,C,0,0,0,0,0,0,0,N/A,N/A,N/A,N/A,N/A,N/A,None,12 to 14 years,37,Woman,25000,Euros,2,2812
Siguiente,A19F5TGXP7W48E,Spanish,2,5,5,1,2,5,2,5,5,1,1,1,4,1,1,1,1,1,1,5,5,2,5,5,5,5,2,1,1,1,1,A,0,,,,,,,N/A,N/A,N/A,N/A,N/A,N/A,Bailar,9 to 12 years,25,Man,320,Euros,1,1122
Siguiente,A2RDIJLHEYKV03,Spanish,4,1,1,1,3,3,3,2,4,4,2,1,5,5,5,5,1,1,1,1,1,1,3,3,3,5,2,5,4,5,3,D,0,0,,,,,,N/A,N/A,N/A,N/A,N/A,N/A,None,14 to 16 years,42,Man,9000,Euros,1,843657
Siguiente,AEV22U5E9AI3X,Spanish,5,5,4,2,2,4,4,3,4,1,1,1,1,1,1,1,1,1,,4,5,5,1,1,2,4,4,4,4,3,3,C,0,,,,,,,N/A,N/A,N/A,N/A,N/A,N/A,Montar en patineta,More than 16 years,22,Man,14000,Euros,1,6382926
Siguiente,A1BU27XF4H06LN,Spanish,4,4,5,3,3,3,4,5,2,2,3,4,3,1,1,1,1,1,1,1,4,4,4,2,3,3,3,4,4,4,4,D,0,0,,,,,,N/A,N/A,N/A,N/A,N/A,N/A,None,More than 16 years,22,Man,2500,Euros,1,1998
Siguiente,A8EYA1C3K777T,Spanish,4,4,4,5,4,2,1,2,2,1,2,1,1,1,1,1,1,1,1,1,4,3,4,1,4,2,4,4,1,4,3,D,1,1,,,,,,N/A,N/A,N/A,N/A,N/A,N/A,Bailar,9 to 12 years,37,Man,5000,Euros,3,1234567890
Siguiente,A1C8ZWB81D6LN4,Spanish,5,5,4,2,2,4,5,4,2,1,1,1,1,1,1,1,1,1,1,5,5,4,2,2,4,2,4,4,4,4,4,D,0,,,,,,,N/A,N/A,N/A,N/A,N/A,N/A,None,12 to 14 years,19,Man,2400,Euros,1,12345
Siguiente,A3GQOB6D8C23DL,Spanish,5,2,2,2,2,3,2,1,1,1,1,1,1,1,1,1,1,1,1,4,5,5,1,2,5,2,1,2,2,2,2,B,0,,,,,,,N/A,N/A,N/A,N/A,N/A,N/A,Pintura,14 to 16 years,47,Man,20000,Euros,1,23
Siguiente,A2G4SX2VMF4YLJ,Spanish,5,5,5,3,3,4,4,2,4,4,2,1,1,1,2,1,1,1,1,4,5,2,4,2,4,4,4,2,2,2,3,C,0,,,,,,,N/A,N/A,N/A,N/A,N/A,N/A,None,12 to 14 years,20,Man,1000,Euros,1,A2G4SX2VMF4YLJ
Siguiente,A25Y6C0DWK2DGI,Spanish,3,1,1,1,1,5,5,5,2,3,1,1,1,1,1,1,1,1,1,1,1,1,1,1,4,3,1,5,4,4,4,D,1,8,,,,,,N/A,N/A,N/A,N/A,N/A,N/A,None,More than 16 years,49,Woman,,Euros,3,2011971
Siguiente,A2FPE1NQC5CQCN,Spanish,2,2,3,1,3,4,2,4,5,4,1,4,1,3,2,1,4,2,3,4,4,1,3,4,3,2,3,5,4,4,4,A,0,0,,,,,,N/A,N/A,N/A,N/A,N/A,N/A,Fijación de la electrónica,9 to 12 years,24,Man,590,Euros,1,A2FPE1NQC5CQCN
Siguiente,AXJALGS9B314C,Spanish,3,3,4,5,3,4,3,2,4,3,1,1,1,1,1,1,1,1,1,1,4,4,2,2,2,2,2,4,3,4,4,B,0,,,,,,,N/A,N/A,N/A,N/A,N/A,N/A,None,Less than 5 years,27,Woman,14000,Euros,1,AXJALGS9B314C
Siguiente,AIYJEA25P3KQE,Spanish,4,5,5,5,3,5,4,2,4,4,3,2,4,4,1,1,1,1,4,5,5,4,3,5,3,4,3,2,3,1,2,D,0,,,,,,,N/A,N/A,N/A,N/A,N/A,N/A,,14 to 16 years,21,Man,12000,Euros,2,AIYJEA25P3KQE
Siguiente,ALJBVYEDMLZGB,Spanish,5,4,2,3,2,4,5,4,4,1,1,1,1,1,1,1,1,1,1,1,3,2,1,1,4,4,1,4,5,5,4,C,0,,,,,,,N/A,N/A,N/A,N/A,N/A,N/A,None,More than 16 years,19,Man,,Euros,1,791382
Siguiente,AXN0AGZIJCUK4,Spanish,4,2,2,4,4,3,3,4,4,1,1,1,1,1,1,1,1,1,1,5,5,4,3,2,3,2,4,2,2,2,1,C,0,0,,,,,,N/A,N/A,N/A,N/A,N/A,N/A,None,12 to 14 years,32,Woman,27000,Euros,1,1234
Siguiente,A5UJ9FNPEIOKK,Spanish,4,1,1,2,3,4,5,5,4,1,1,1,1,1,1,1,1,1,1,4,5,5,3,4,5,5,1,4,3,3,1,A,1,13,,,,,,N/A,N/A,N/A,N/A,N/A,N/A,None,More than 16 years,37,Woman,24000,Euros,2,1234
Siguiente,A29CU1SIUJCYC9,Spanish,4,4,4,5,4,2,2,1,5,1,5,1,1,1,1,1,1,1,1,5,5,5,1,1,5,2,4,4,4,2,2,A,1,8,,,,,,N/A,N/A,N/A,N/A,N/A,N/A,None,More than 16 years,32,Woman,17000,Euros,2,211187
Siguiente,A2JJ6M4XZ9T41H,Spanish,3,4,2,1,2,4,4,2,2,5,1,1,1,1,1,1,1,1,1,3,4,4,4,2,4,3,2,5,4,4,4,B,0,,,,,,,N/A,N/A,N/A,N/A,N/A,N/A,None,More than 16 years,31,Woman,19000,Euros,1,123456
Siguiente,A1MD8TB1TKBPKN,Spanish,4,1,1,1,1,3,4,4,2,1,1,1,1,1,1,1,1,1,1,1,3,1,5,5,2,5,,3,1,3,1,A,0,,,,,,,N/A,N/A,N/A,N/A,N/A,N/A,None,More than 16 years,50,Woman,30000,Euros,1,1234
Siguiente,A2Q3L6XPF5A0Q8,Spanish,4,2,3,1,1,5,5,4,5,1,1,1,2,1,1,1,3,1,1,1,5,5,4,5,5,4,5,5,5,5,5,D,0,,,,,,,N/A,N/A,N/A,N/A,N/A,N/A,None,More than 16 years,20,Man,10000,Euros,1,79132
Siguiente,A2FT4ZOUG4AZ9G,Spanish,5,3,3,1,3,2,2,3,4,5,4,2,4,4,4,4,4,4,4,4,4,2,4,4,2,2,3,1,1,1,1,A,0,,,,,,,N/A,N/A,N/A,N/A,N/A,N/A,None,More than 16 years,37,Man,20000,Euros,1,29083
Siguiente,A2B2I0XDACBYB3,Spanish,5,4,4,2,2,4,5,1,4,2,1,2,1,1,1,1,1,1,1,1,5,4,4,1,4,4,1,4,5,4,4,C,0,,,,,,,N/A,N/A,N/A,N/A,N/A,N/A,None,More than 16 years,27,Woman,13000,Euros,2,25072507
Siguiente,A1SPRRXTL63OJ5,Spanish,1,2,3,1,4,4,4,4,1,1,1,1,1,1,1,1,1,1,1,1,5,5,1,1,1,3,4,5,5,5,5,C,1,10,,,,,,N/A,N/A,N/A,N/A,N/A,N/A,None,Less than 5 years,10,Man,25000,Euros,2,123456
Siguiente,A2ULRIGQCAO1EZ,Spanish,5,5,5,2,4,4,4,4,5,4,1,2,4,4,4,5,4,4,5,5,5,2,5,5,3,2,5,4,4,4,4,B,3,10,26,30,,,,N/A,N/A,N/A,N/A,N/A,N/A,None,5 to 8 years,52,Woman,30000,Euros,3,240409
,COPIEDAZFVZ2EJK1J0G,Spanish,5,5,5,3,3,5,4,2,3,2,1,1,1,1,1,1,1,1,1,4,4,4,4,2,2,5,1,3,3,3,2,D,2,5,2,,,,,N/A,N/A,N/A,N/A,N/A,N/A,Pintura,14 to 16 years,36,Man,40000,Euros,3,5509
Siguiente,A2NSSK96WSPQDA,Spanish,3,1,4,5,3,5,5,3,5,1,1,2,1,2,1,3,1,1,3,4,5,4,2,1,4,2,4,2,2,2,2,C,2,12,6,,,,,N/A,N/A,N/A,N/A,N/A,N/A,Cantar,More than 16 years,44,Man,50000,Euros,3,6226226
Siguiente,A1ME7M2EEYN7SN,Spanish,4,2,2,1,1,4,5,4,2,3,1,1,1,1,1,1,1,1,1,4,4,2,3,3,3,4,1,4,4,4,3,C,0,,,,,,,N/A,N/A,N/A,N/A,N/A,N/A,None,More than 16 years,41,Woman,,Euros,1,12345678
Siguiente,AZ2FEGA0VHAZS,Spanish,4,2,4,1,2,4,5,2,5,1,1,1,1,1,1,1,1,1,1,5,5,4,2,4,4,2,4,4,5,4,4,D,1,10,,,,,,N/A,N/A,N/A,N/A,N/A,N/A,None,5 to 8 years,40,Woman,45000,Euros,3,14137424
Siguiente,A2CN5CC5MW43W8,Spanish,4,4,4,3,3,4,2,4,2,2,1,1,3,3,2,2,2,2,1,2,4,4,2,1,3,1,3,4,4,4,4,C,0,,,,,,,N/A,N/A,N/A,N/A,N/A,N/A,None,More than 16 years,46,Man,12000,Euros,1,12345
Siguiente,A2PBFNLF653SMP,Spanish,4,1,2,2,2,2,2,1,4,1,1,1,1,1,1,1,1,1,1,2,4,4,2,1,4,4,2,4,2,4,4,C,2,4,0,,,,,N/A,N/A,N/A,N/A,N/A,N/A,None,More than 16 years,40,Woman,22000,Euros,3,1222
Siguiente,A22G7P0E0VR5A,Spanish,1,1,1,1,1,4,4,4,1,1,1,1,1,1,1,1,1,1,1,4,4,2,2,1,4,4,2,5,4,4,2,D,0,,,,,,,N/A,N/A,N/A,N/A,N/A,N/A,None,More than 16 years,36,Woman,35000,Euros,2,2772
Siguiente,ADMZ7XRN7FV4R,Spanish,5,4,5,2,2,4,5,4,5,1,1,1,1,1,1,1,1,1,1,1,4,3,1,1,3,4,1,3,4,4,3,B,0,,,,,,,N/A,N/A,N/A,N/A,N/A,N/A,None,More than 16 years,39,Woman,25000,Euros,1,ADMZ7XRN7FV4R
Siguiente,A2J7VPNDHXVARX,Spanish,5,4,4,3,2,2,2,1,5,2,1,1,1,1,1,1,1,1,1,1,5,5,2,1,4,4,2,4,4,4,4,B,0,,,,,,,N/A,N/A,N/A,N/A,N/A,N/A,None,More than 16 years,41,Woman,15000,Euros,2,115599
Siguiente,A2JX48QN7AOVLU,Spanish,3,4,4,1,1,4,4,2,4,1,1,1,1,1,1,1,1,1,1,2,5,5,4,4,2,2,4,5,2,5,4,D,2,5,2,,,,,N/A,N/A,N/A,N/A,N/A,N/A,None,More than 16 years,43,Woman,58000,Euros,4,8228
Siguiente,A2XQVPDOOYHUS7,Spanish,5,5,5,2,3,3,3,3,2,1,1,1,1,1,1,1,1,1,1,1,3,3,3,1,3,4,3,3,3,3,3,A,0,0,,,,,,N/A,N/A,N/A,N/A,N/A,N/A,None,5 to 8 years,43,Man,16000,Euros,1,253033
Siguiente,A3HF3GQEJ6PQB2,Spanish,4,3,2,2,3,4,3,3,4,1,1,3,1,1,2,2,1,1,1,5,5,4,3,1,4,5,4,4,2,2,3,C,0,,,,,,,N/A,N/A,N/A,N/A,N/A,N/A,None,More than 16 years,19,Man,27000,Euros,2,10012001
Siguiente,A1N8TDZU0YF6B1,Spanish,5,4,4,4,4,3,4,3,5,1,1,1,1,1,1,1,1,1,1,4,4,2,1,1,4,2,1,2,2,4,4,A,0,,,,,,,N/A,N/A,N/A,N/A,N/A,N/A,Pintura,9 to 12 years,24,Woman,19000,Euros,1,AM1396
Siguiente,A1IX8I2CQKI8JR,Spanish,5,4,4,1,2,4,3,2,5,1,1,1,4,3,1,1,1,1,3,1,4,4,3,3,3,2,3,4,4,4,5,D,0,,,,,,,N/A,N/A,N/A,N/A,N/A,N/A,None,12 to 14 years,21,Man,24000,Euros,3,A1IX8I2CQKI8JR
Siguiente,A3SAM67S3RWXSY,Spanish,4,2,4,2,5,4,5,3,4,2,1,1,1,1,1,1,1,1,1,1,4,2,2,3,4,5,2,4,4,,4,C,0,5,,,,,,N/A,N/A,N/A,N/A,N/A,N/A,None,14 to 16 years,33,Woman,30000,Euros,2,4321
Siguiente,A11J3RQUTE2DVY,Spanish,5,5,5,5,3,4,4,1,5,1,1,1,1,1,1,1,1,1,1,3,1,1,1,1,4,1,4,1,2,1,2,B,0,,,,,,,N/A,N/A,N/A,N/A,N/A,N/A,None,More than 16 years,24,Man,14000,Euros,1,123456
Siguiente,AF9D538IDRPKN,Spanish,2,1,1,1,3,4,4,2,5,3,3,1,1,1,1,1,1,1,1,5,5,5,5,3,3,3,2,4,3,3,3,C,2,7,5,,,,,N/A,N/A,N/A,N/A,N/A,N/A,None,9 to 12 years,34,Man,18000,Euros,3,67812
Siguiente,A3NZN2OHD5BGVQ,Spanish,5,5,4,3,2,4,5,4,5,4,3,2,1,1,1,1,1,1,1,4,4,4,5,5,5,4,4,5,5,4,4,C,0,,,,,,,N/A,N/A,N/A,N/A,N/A,N/A,,,39,Man,15000,Euros,3,1258
Siguiente,A3NJQHXKQZFT9K,Spanish,5,4,3,4,2,4,4,4,3,2,1,2,1,1,1,1,1,1,1,1,1,1,4,1,2,2,2,3,3,4,4,A,0,,,,,,,N/A,N/A,N/A,N/A,N/A,N/A,None,14 to 16 years,25,Man,9000,Euros,2,
Siguiente,AV4RG9TVVOTVU,Spanish,5,4,3,3,3,4,4,4,2,1,1,1,1,1,1,1,1,1,1,4,2,3,3,1,3,4,4,4,4,4,4,A,0,,,,,,,N/A,N/A,N/A,N/A,N/A,N/A,Fijación de la electrónica,9 to 12 years,38,Man,50000,Euros,2,12345
Siguiente,ATS3BP15D4J9P,Spanish,1,1,1,1,1,4,3,2,5,1,1,1,3,2,2,2,1,1,1,1,5,2,2,2,4,4,1,4,4,4,4,E,3,3,2,1,,,,N/A,N/A,N/A,N/A,N/A,N/A,None,5 to 8 years,32,Man,30000,Euros,3,123456789
Siguiente,AEYH3H3R4LR5R,Spanish,1,1,1,1,1,1,1,4,4,1,1,1,1,1,1,1,1,1,1,5,5,4,2,1,3,4,1,4,4,4,4,D,0,,,,,,,N/A,N/A,N/A,N/A,N/A,N/A,None,12 to 14 years,26,Woman,20000,Euros,1,1020
Siguiente,A13A2W2G3M683C,Spanish,5,4,4,2,2,4,4,1,5,2,1,1,1,1,1,1,1,1,1,5,5,4,2,2,4,4,4,2,2,2,2,C,3,24,20,15,,,,N/A,N/A,N/A,N/A,N/A,N/A,None,12 to 14 years,46,Man,45000,Euros,4,10121973
Siguiente,AQ8N2MWL3UHT2,Spanish,5,4,4,1,3,4,4,4,5,1,1,1,1,1,1,1,1,1,1,1,4,2,4,1,2,4,2,4,4,4,4,C,2,6,3,,,,,N/A,N/A,N/A,N/A,N/A,N/A,None,14 to 16 years,36,Man,34000,Euros,4,56789
Siguiente,ATR0UMJ962G6H,Spanish,1,2,1,2,3,4,4,3,3,1,1,1,1,1,1,1,1,1,1,4,5,3,3,1,5,5,2,5,4,5,4,B,0,,,,,,,N/A,N/A,N/A,N/A,N/A,N/A,None,More than 16 years,29,Man,3000,Euros,1,50191
Siguiente,A295A84E7LY9EU,Spanish,2,1,2,3,3,4,4,5,3,1,1,1,1,1,1,1,1,1,1,5,5,4,2,2,4,1,4,3,2,2,2,C,1,5,,,,,,N/A,N/A,N/A,N/A,N/A,N/A,None,More than 16 years,43,Man,40000,Euros,3,665544
Siguiente,A3MW8P9QLFY3SC,Spanish,4,2,2,1,1,3,4,1,4,1,1,1,1,1,1,1,1,1,1,1,4,4,1,1,4,2,1,5,5,5,2,D,1,10,,,,,,N/A,N/A,N/A,N/A,N/A,N/A,None,More than 16 years,41,Man,40000,Euros,3,4.53E+12
,A13G0SRV03NQV,Spanish,1,1,1,1,1,5,5,4,1,2,1,1,1,1,1,1,1,1,1,1,3,2,3,2,5,5,2,5,4,5,5,D,0,,,,,,,N/A,N/A,N/A,N/A,N/A,N/A,Fijación de la electrónica,More than 16 years,27,Man,0,Euros,1,12345
Siguiente,A1RDMX6NABEH7H,Spanish,4,2,1,2,4,2,4,4,2,1,1,1,1,1,1,1,1,1,1,5,4,4,2,2,4,5,5,2,2,2,4,C,0,,,,,,,N/A,N/A,N/A,N/A,N/A,N/A,None,12 to 14 years,27,Man,0,Euros,1,12345
Siguiente,A1B4CPZOCK6WE,Spanish,3,3,4,4,4,1,1,2,3,1,1,1,1,1,1,1,1,1,1,1,2,2,2,1,3,1,4,5,5,4,4,D,0,,,,,,,N/A,N/A,N/A,N/A,N/A,N/A,None,More than 16 years,34,Man,17000,Euros,1,A1B4CPZOCK6WE
Siguiente,A3DIFX9YCWMB59,Spanish,3,5,2,1,3,5,4,1,5,1,1,1,1,1,3,1,1,1,1,4,5,4,2,1,5,4,1,4,3,4,2,E,0,,,,,,,N/A,N/A,N/A,N/A,N/A,N/A,None,14 to 16 years,22,Man,20000,Euros,1,12345
Siguiente,A1YIGXBU6FQQ6C,Spanish,2,2,2,2,3,3,2,4,3,1,1,1,1,1,1,1,1,1,1,1,4,3,2,2,2,3,4,3,3,3,3,D,0,,,,,,,N/A,N/A,N/A,N/A,N/A,N/A,None,More than 16 years,33,Man,7500,Euros,1,2244
Siguiente,A3O43L1ZB2PRQ2,Spanish,4,4,4,1,1,4,4,2,2,1,1,1,1,1,1,1,1,1,1,1,5,3,2,1,3,5,1,4,3,4,2,D,1,11,,,,,,N/A,N/A,N/A,N/A,N/A,N/A,None,More than 16 years,45,Man,32000,Euros,2,1308
Siguiente,A3OXTH66HS7SAW,Spanish,4,5,5,4,3,4,4,5,1,1,1,1,1,1,1,1,1,1,1,1,4,4,2,1,1,4,4,4,2,4,1,C,0,,,,,,,N/A,N/A,N/A,N/A,N/A,N/A,None,More than 16 years,25,Man,12000,Euros,1,12345
Siguiente,A135HSU11YUTN8,Spanish,4,1,1,3,3,1,2,2,3,1,1,1,1,1,1,1,1,1,1,2,4,5,2,1,2,3,4,3,3,4,4,A,0,,,,,,,N/A,N/A,N/A,N/A,N/A,N/A,None,More than 16 years,23,Woman,0,Euros,1,8695
Siguiente,A35I0MRM17PYHV,Spanish,3,2,4,3,2,2,4,3,2,1,1,1,1,1,1,1,1,1,1,2,4,4,3,4,5,4,2,2,4,4,3,D,2,17,12,,,,,N/A,N/A,N/A,N/A,N/A,N/A,None,More than 16 years,32,Woman,150000,Euros,3,1234
Siguiente,A16W2WLU2B3MRI,Spanish,5,4,4,3,4,4,4,2,5,4,3,4,3,2,3,2,2,3,4,4,5,4,3,3,4,3,3,4,4,3,3,A,1,3,,,,,,N/A,N/A,N/A,N/A,N/A,N/A,None,More than 16 years,37,Woman,38000,Euros,2,1218
Siguiente,A3ETH09QU33VID,Spanish,4,4,4,4,2,4,4,4,3,1,1,1,1,1,1,1,1,1,1,4,4,5,4,2,3,4,3,4,4,3,4,B,0,,,,,,,N/A,N/A,N/A,N/A,N/A,N/A,None,14 to 16 years,20,Man,2000,Euros,1,343536
